claim_id,claim_number,policy_id,claim_type,loss_date,reported_date,close_date,claim_status
CLM-50001,CC-674416,POL-10717,General Liability,2024-10-01,2024-10-10,,Under Investigation
CLM-50002,CC-872610,POL-10882,General Liability,2025-07-21,2025-07-31,,Under Investigation
CLM-50003,CC-754487,POL-10958,General Liability,2025-09-09,2025-09-15,2025-10-16,Closed
CLM-50004,CC-462066,POL-10732,Personal Auto,2026-03-28,2026-04-06,,Under Investigation
CLM-50005,CC-781664,POL-10944,Personal Auto,2025-09-18,2025-09-22,,Under Investigation
CLM-50006,CC-668843,POL-10999,Commercial Property,2025-12-16,2025-12-21,,Under Investigation
CLM-50007,CC-221011,POL-10711,General Liability,2025-06-28,2025-07-08,,Under Investigation
CLM-50008,CC-603704,POL-10780,Personal Auto,2024-11-06,2024-11-17,,Under Investigation
CLM-50009,CC-884197,POL-10597,Personal Auto,2026-02-27,2026-03-12,,Under Investigation
CLM-50010,CC-947568,POL-10916,Personal Auto,2025-06-01,2025-06-10,,Open
CLM-50011,CC-252386,POL-10014,General Liability,2025-06-21,2025-06-24,2025-08-16,Closed
CLM-50012,CC-886626,POL-10055,Commercial Property,2025-11-25,2025-11-26,2026-01-04,Closed
CLM-50013,CC-816586,POL-10805,Commercial Property,2025-09-11,2025-09-16,,Open
CLM-50014,CC-313910,POL-10257,General Liability,2024-09-14,2024-09-18,2024-10-30,Closed
CLM-50015,CC-953568,POL-10772,Homeowners,2025-08-21,2025-08-22,,Open
CLM-50016,CC-808340,POL-10464,General Liability,2025-03-04,2025-03-07,,Under Investigation
CLM-50017,CC-778553,POL-10758,Personal Auto,2025-02-23,2025-03-02,,Under Investigation
CLM-50018,CC-922405,POL-10575,General Liability,2025-06-12,2025-06-24,2025-09-02,Closed
CLM-50019,CC-796772,POL-10816,Commercial Property,2024-11-30,2024-12-09,,Under Investigation
CLM-50020,CC-536801,POL-10049,Commercial Property,2026-01-05,2026-01-17,,Open
CLM-50021,CC-156415,POL-10980,Personal Auto,2025-04-23,2025-05-03,,Under Investigation
CLM-50022,CC-918859,POL-10014,General Liability,2025-01-09,2025-01-17,2025-04-11,Closed
CLM-50023,CC-838857,POL-10882,General Liability,2025-09-26,2025-10-10,2026-01-04,Closed
CLM-50024,CC-673167,POL-10727,Personal Auto,2025-08-11,2025-08-22,,Under Investigation
CLM-50025,CC-302897,POL-10757,General Liability,2025-04-20,2025-04-26,,Under Investigation
CLM-50026,CC-296059,POL-10302,General Liability,2026-01-21,2026-02-04,2026-02-18,Closed
CLM-50027,CC-638807,POL-10986,General Liability,2025-05-11,2025-05-16,,Under Investigation
CLM-50028,CC-392670,POL-10123,Homeowners,2026-04-01,2026-04-13,2026-06-11,Closed
CLM-50029,CC-712353,POL-10570,Commercial Property,2025-08-01,2025-08-09,2025-09-03,Closed
CLM-50030,CC-588983,POL-10867,Personal Auto,2025-01-13,2025-01-21,2025-03-09,Closed
CLM-50031,CC-438302,POL-10727,Personal Auto,2025-07-14,2025-07-18,2025-08-11,Closed
CLM-50032,CC-745512,POL-10612,Homeowners,2025-02-02,2025-02-03,,Under Investigation
CLM-50033,CC-928278,POL-10864,Personal Auto,2026-03-05,2026-03-14,,Open
CLM-50034,CC-650916,POL-10587,Commercial Property,2025-02-06,2025-02-17,2025-04-03,Closed
CLM-50035,CC-171488,POL-10226,Homeowners,2025-03-18,2025-03-23,,Under Investigation
CLM-50036,CC-669460,POL-10806,Personal Auto,2025-07-20,2025-07-25,,Open
CLM-50037,CC-331942,POL-10550,Personal Auto,2024-12-03,2024-12-15,2025-02-02,Closed
CLM-50038,CC-448005,POL-10905,Personal Auto,2025-03-18,2025-03-24,,Under Investigation
CLM-50039,CC-329056,POL-10340,Commercial Property,2025-02-02,2025-02-13,,Open
CLM-50040,CC-963699,POL-10974,Homeowners,2025-07-28,2025-08-12,,Under Investigation
CLM-50041,CC-462814,POL-10771,Personal Auto,2025-12-17,2025-12-17,2026-03-17,Closed
CLM-50042,CC-743512,POL-10457,General Liability,2025-11-26,2025-12-03,,Under Investigation
CLM-50043,CC-499898,POL-10941,Commercial Property,2026-03-08,2026-03-15,2026-04-30,Closed
CLM-50044,CC-369054,POL-10938,Personal Auto,2025-12-31,2026-01-03,,Open
CLM-50045,CC-962043,POL-10554,Commercial Property,2026-02-27,2026-03-08,2026-05-18,Closed
CLM-50046,CC-941814,POL-10789,Commercial Property,2025-09-04,2025-09-15,,Under Investigation
CLM-50047,CC-145981,POL-10521,Commercial Property,2025-09-19,2025-10-03,,Open
CLM-50048,CC-638857,POL-10304,General Liability,2025-09-11,2025-09-17,,Open
CLM-50049,CC-659106,POL-10085,General Liability,2025-12-15,2025-12-18,2026-03-01,Closed
CLM-50050,CC-760093,POL-10008,Commercial Property,2024-09-27,2024-09-29,2024-12-28,Closed
CLM-50051,CC-544815,POL-10793,General Liability,2026-04-09,2026-04-15,,Under Investigation
CLM-50052,CC-969005,POL-10856,General Liability,2026-06-23,2026-06-26,2026-09-07,Closed
CLM-50053,CC-956429,POL-10720,Commercial Property,2025-05-20,2025-06-02,,Under Investigation
CLM-50054,CC-819368,POL-10963,Commercial Property,2025-11-22,2025-11-24,,Under Investigation
CLM-50055,CC-851690,POL-10158,General Liability,2026-02-28,2026-02-28,,Open
CLM-50056,CC-156904,POL-10340,Commercial Property,2024-12-23,2024-12-24,2025-01-07,Closed
CLM-50057,CC-173863,POL-10183,General Liability,2026-01-27,2026-02-04,,Under Investigation
CLM-50058,CC-527433,POL-10589,Homeowners,2025-05-23,2025-05-30,,Open
CLM-50059,CC-524094,POL-10398,Homeowners,2025-11-16,2025-11-30,,Under Investigation
CLM-50060,CC-806004,POL-10444,General Liability,2026-01-18,2026-01-28,2026-03-23,Closed
CLM-50061,CC-855274,POL-10122,Personal Auto,2026-01-22,2026-01-22,,Under Investigation
CLM-50062,CC-714054,POL-10634,General Liability,2024-10-13,2024-10-15,,Under Investigation
CLM-50063,CC-627262,POL-10047,Personal Auto,2024-10-16,2024-10-18,,Open
CLM-50064,CC-415989,POL-10109,Homeowners,2025-09-03,2025-09-12,,Under Investigation
CLM-50065,CC-902448,POL-10622,Personal Auto,2024-10-18,2024-10-20,,Open
CLM-50066,CC-514306,POL-10949,General Liability,2025-11-07,2025-11-21,,Open
CLM-50067,CC-263917,POL-10842,General Liability,2025-12-08,2025-12-08,,Open
CLM-50068,CC-935474,POL-10547,Personal Auto,2026-02-12,2026-02-19,2026-04-15,Closed
CLM-50069,CC-251074,POL-10817,Personal Auto,2025-09-17,2025-09-26,,Under Investigation
CLM-50070,CC-682032,POL-10306,Personal Auto,2025-09-25,2025-10-06,2025-12-20,Closed
CLM-50071,CC-700538,POL-10145,General Liability,2025-07-25,2025-07-28,2025-08-02,Closed
CLM-50072,CC-674122,POL-10611,Personal Auto,2025-10-03,2025-10-15,,Under Investigation
CLM-50073,CC-320256,POL-10970,Personal Auto,2026-02-17,2026-02-19,,Open
CLM-50074,CC-777308,POL-10767,Personal Auto,2025-02-23,2025-03-06,2025-05-02,Closed
CLM-50075,CC-331512,POL-10872,General Liability,2026-02-08,2026-02-12,2026-03-12,Closed
CLM-50076,CC-290167,POL-10632,Commercial Property,2025-12-27,2026-01-04,2026-01-23,Closed
CLM-50077,CC-583671,POL-10688,General Liability,2025-07-21,2025-07-22,,Under Investigation
CLM-50078,CC-804313,POL-10661,Homeowners,2025-12-10,2025-12-12,,Open
CLM-50079,CC-860835,POL-10069,Personal Auto,2025-08-25,2025-09-02,2025-10-02,Closed
CLM-50080,CC-474486,POL-10595,Personal Auto,2025-03-02,2025-03-17,,Open
CLM-50081,CC-749609,POL-10132,Commercial Property,2025-02-13,2025-02-20,2025-04-02,Closed
CLM-50082,CC-609462,POL-10072,General Liability,2025-10-13,2025-10-19,,Open
CLM-50083,CC-791454,POL-10462,General Liability,2025-03-27,2025-04-06,,Under Investigation
CLM-50084,CC-694397,POL-10314,Personal Auto,2025-03-02,2025-03-06,,Under Investigation
CLM-50085,CC-276831,POL-10374,Homeowners,2025-09-11,2025-09-21,,Open
CLM-50086,CC-846794,POL-10005,Commercial Property,2025-06-10,2025-06-20,2025-07-23,Closed
CLM-50087,CC-980919,POL-10758,Personal Auto,2025-06-13,2025-06-26,,Open
CLM-50088,CC-868577,POL-10369,Personal Auto,2025-04-11,2025-04-15,,Under Investigation
CLM-50089,CC-566991,POL-10340,Commercial Property,2025-04-16,2025-05-01,,Open
CLM-50090,CC-678469,POL-10368,Commercial Property,2025-06-21,2025-06-30,,Open
CLM-50091,CC-736095,POL-10112,Personal Auto,2025-10-18,2025-10-23,,Under Investigation
CLM-50092,CC-305973,POL-10084,Personal Auto,2025-07-29,2025-08-06,2025-10-18,Closed
CLM-50093,CC-179062,POL-10270,Personal Auto,2025-06-13,2025-06-15,,Under Investigation
CLM-50094,CC-762308,POL-10914,General Liability,2025-07-03,2025-07-03,,Under Investigation
CLM-50095,CC-323095,POL-10032,Personal Auto,2025-06-09,2025-06-21,,Under Investigation
CLM-50096,CC-373276,POL-10929,Commercial Property,2026-01-30,2026-01-31,,Under Investigation
CLM-50097,CC-912853,POL-10557,General Liability,2025-07-18,2025-08-02,,Under Investigation
CLM-50098,CC-334153,POL-10153,Personal Auto,2025-08-09,2025-08-20,,Open
CLM-50099,CC-625465,POL-10913,General Liability,2025-06-26,2025-07-05,2025-09-07,Closed
CLM-50100,CC-481540,POL-10523,Personal Auto,2025-10-27,2025-10-29,,Open
CLM-50101,CC-350484,POL-10515,Homeowners,2025-09-10,2025-09-10,,Under Investigation
CLM-50102,CC-247189,POL-10869,Homeowners,2024-11-17,2024-11-22,,Under Investigation
CLM-50103,CC-693297,POL-10457,General Liability,2025-09-24,2025-09-29,2025-12-15,Closed
CLM-50104,CC-867562,POL-10676,Homeowners,2025-11-19,2025-11-23,,Under Investigation
CLM-50105,CC-898461,POL-10496,Homeowners,2026-01-14,2026-01-25,2026-02-27,Closed
CLM-50106,CC-487380,POL-10500,General Liability,2025-08-09,2025-08-16,2025-09-23,Closed
CLM-50107,CC-316818,POL-10240,Commercial Property,2025-12-14,2025-12-15,,Under Investigation
CLM-50108,CC-592489,POL-10531,Personal Auto,2025-09-15,2025-09-26,,Open
CLM-50109,CC-780027,POL-10940,Homeowners,2025-06-20,2025-07-04,2025-07-14,Closed
CLM-50110,CC-646699,POL-10332,Homeowners,2025-03-25,2025-03-28,,Under Investigation
CLM-50111,CC-376106,POL-10649,Commercial Property,2025-08-28,2025-09-05,,Under Investigation
CLM-50112,CC-785428,POL-10593,Personal Auto,2025-01-13,2025-01-18,,Open
CLM-50113,CC-785073,POL-10388,Homeowners,2025-09-08,2025-09-19,,Under Investigation
CLM-50114,CC-363807,POL-10920,Personal Auto,2025-07-22,2025-07-24,,Under Investigation
CLM-50115,CC-525556,POL-10386,General Liability,2025-01-05,2025-01-12,,Under Investigation
CLM-50116,CC-931161,POL-10362,Homeowners,2025-10-08,2025-10-19,,Open
CLM-50117,CC-245718,POL-10494,General Liability,2025-01-03,2025-01-03,,Under Investigation
CLM-50118,CC-639535,POL-10451,General Liability,2026-04-09,2026-04-14,2026-04-28,Closed
CLM-50119,CC-295984,POL-10659,Commercial Property,2025-03-28,2025-04-05,2025-04-29,Closed
CLM-50120,CC-852146,POL-10162,Homeowners,2026-01-18,2026-01-29,,Under Investigation
CLM-50121,CC-341535,POL-10837,General Liability,2026-02-09,2026-02-12,,Under Investigation
CLM-50122,CC-218844,POL-10425,Personal Auto,2026-01-29,2026-02-08,,Under Investigation
CLM-50123,CC-320939,POL-10494,General Liability,2025-06-16,2025-07-01,,Open
CLM-50124,CC-973846,POL-10605,Commercial Property,2025-11-30,2025-12-05,,Under Investigation
CLM-50125,CC-234097,POL-10421,General Liability,2025-09-01,2025-09-01,2025-09-11,Closed
CLM-50126,CC-637544,POL-10588,Homeowners,2025-03-31,2025-04-05,2025-06-29,Closed
CLM-50127,CC-370804,POL-10041,Commercial Property,2026-03-31,2026-04-04,2026-04-30,Closed
CLM-50128,CC-525151,POL-10945,Personal Auto,2025-10-11,2025-10-16,,Under Investigation
CLM-50129,CC-863336,POL-10614,General Liability,2025-05-08,2025-05-08,,Under Investigation
CLM-50130,CC-571023,POL-10678,Homeowners,2025-09-26,2025-10-05,2025-11-06,Closed
CLM-50131,CC-278852,POL-10622,Personal Auto,2025-06-08,2025-06-23,,Open
CLM-50132,CC-249644,POL-10225,Personal Auto,2024-12-22,2025-01-04,,Under Investigation
CLM-50133,CC-791691,POL-10814,Commercial Property,2025-08-25,2025-08-30,,Under Investigation
CLM-50134,CC-575497,POL-10524,Personal Auto,2025-05-26,2025-06-03,2025-07-21,Closed
CLM-50135,CC-504186,POL-10611,Personal Auto,2026-03-04,2026-03-06,2026-04-28,Closed
CLM-50136,CC-648102,POL-10136,Homeowners,2025-08-30,2025-09-02,2025-10-02,Closed
CLM-50137,CC-200976,POL-10881,Commercial Property,2025-04-07,2025-04-20,2025-07-11,Closed
CLM-50138,CC-728950,POL-10182,Homeowners,2025-06-04,2025-06-19,,Under Investigation
CLM-50139,CC-791423,POL-10040,Commercial Property,2025-10-27,2025-10-30,2026-01-04,Closed
CLM-50140,CC-780768,POL-10134,Homeowners,2025-08-03,2025-08-03,,Under Investigation
CLM-50141,CC-145548,POL-10442,Personal Auto,2026-05-06,2026-05-19,,Open
CLM-50142,CC-927909,POL-10715,Personal Auto,2025-04-27,2025-05-10,2025-07-15,Closed
CLM-50143,CC-717661,POL-10788,Commercial Property,2025-04-10,2025-04-22,,Open
CLM-50144,CC-240386,POL-10824,General Liability,2025-10-09,2025-10-12,,Open
CLM-50145,CC-397026,POL-10261,General Liability,2025-11-11,2025-11-26,2025-12-11,Closed
CLM-50146,CC-298202,POL-10613,General Liability,2025-11-30,2025-12-13,,Open
CLM-50147,CC-647923,POL-10006,Commercial Property,2026-01-23,2026-01-23,,Under Investigation
CLM-50148,CC-786341,POL-10121,Commercial Property,2025-12-10,2025-12-10,,Open
CLM-50149,CC-479867,POL-10211,Personal Auto,2024-12-17,2024-12-27,,Open
CLM-50150,CC-783226,POL-10110,Homeowners,2025-08-14,2025-08-18,,Open
CLM-50151,CC-996508,POL-10600,Personal Auto,2025-09-19,2025-09-27,,Open
CLM-50152,CC-483405,POL-10549,Homeowners,2025-12-10,2025-12-23,,Under Investigation
CLM-50153,CC-516760,POL-10627,General Liability,2025-06-20,2025-06-28,,Under Investigation
CLM-50154,CC-678923,POL-10774,Homeowners,2025-06-08,2025-06-14,,Open
CLM-50155,CC-686252,POL-10803,Homeowners,2025-11-10,2025-11-25,2026-01-16,Closed
CLM-50156,CC-421549,POL-10569,Personal Auto,2025-09-24,2025-10-09,,Open
CLM-50157,CC-517469,POL-10592,Homeowners,2025-03-27,2025-04-07,,Under Investigation
CLM-50158,CC-224870,POL-10754,Personal Auto,2025-05-25,2025-05-29,,Under Investigation
CLM-50159,CC-921149,POL-10766,Commercial Property,2026-04-17,2026-04-24,,Open
CLM-50160,CC-633036,POL-10717,General Liability,2024-10-06,2024-10-11,2024-11-12,Closed
CLM-50161,CC-743852,POL-10411,Homeowners,2025-11-09,2025-11-19,,Under Investigation
CLM-50162,CC-766764,POL-10714,Commercial Property,2025-05-24,2025-05-25,2025-07-18,Closed
CLM-50163,CC-729402,POL-10006,Commercial Property,2025-12-18,2025-12-20,2026-02-23,Closed
CLM-50164,CC-332542,POL-10446,General Liability,2025-09-16,2025-09-18,2025-10-26,Closed
CLM-50165,CC-139589,POL-10380,Personal Auto,2026-02-15,2026-02-17,,Under Investigation
CLM-50166,CC-743789,POL-10742,Personal Auto,2025-07-07,2025-07-19,,Open
CLM-50167,CC-726495,POL-10672,Commercial Property,2025-11-12,2025-11-21,,Under Investigation
CLM-50168,CC-618382,POL-10059,Commercial Property,2025-05-16,2025-05-21,,Under Investigation
CLM-50169,CC-942960,POL-10450,Personal Auto,2025-03-01,2025-03-01,2025-05-29,Closed
CLM-50170,CC-922041,POL-10531,Personal Auto,2025-01-15,2025-01-24,2025-02-02,Closed
CLM-50171,CC-277715,POL-10614,General Liability,2025-04-18,2025-04-25,,Under Investigation
CLM-50172,CC-350878,POL-10691,General Liability,2025-06-14,2025-06-15,,Open
CLM-50173,CC-389340,POL-10671,Homeowners,2025-04-23,2025-04-23,2025-05-09,Closed
CLM-50174,CC-802191,POL-10799,Homeowners,2025-06-12,2025-06-24,,Open
CLM-50175,CC-310040,POL-10405,Commercial Property,2025-05-31,2025-06-12,,Under Investigation
CLM-50176,CC-837801,POL-10531,Personal Auto,2025-06-26,2025-06-26,,Under Investigation
CLM-50177,CC-398313,POL-10071,General Liability,2024-12-31,2025-01-02,,Under Investigation
CLM-50178,CC-955129,POL-10744,Personal Auto,2025-09-07,2025-09-18,,Open
CLM-50179,CC-303974,POL-10284,Commercial Property,2025-07-30,2025-08-06,,Under Investigation
CLM-50180,CC-104877,POL-10466,Personal Auto,2025-04-01,2025-04-13,,Under Investigation
CLM-50181,CC-630829,POL-10268,Personal Auto,2026-06-07,2026-06-12,,Open
CLM-50182,CC-408545,POL-10110,Homeowners,2026-05-16,2026-05-18,,Under Investigation
CLM-50183,CC-370211,POL-10349,General Liability,2025-04-29,2025-05-02,,Under Investigation
CLM-50184,CC-564276,POL-10898,Homeowners,2025-09-16,2025-09-24,,Under Investigation
CLM-50185,CC-607122,POL-10990,Personal Auto,2024-10-22,2024-11-03,,Under Investigation
CLM-50186,CC-913274,POL-10789,Commercial Property,2025-03-07,2025-03-14,,Open
CLM-50187,CC-128679,POL-10470,Commercial Property,2025-08-06,2025-08-20,,Under Investigation
CLM-50188,CC-170835,POL-10494,General Liability,2025-07-02,2025-07-05,,Open
CLM-50189,CC-835236,POL-10392,Homeowners,2025-10-20,2025-10-27,,Under Investigation
CLM-50190,CC-470248,POL-10236,Personal Auto,2025-04-21,2025-05-01,,Open
CLM-50191,CC-972600,POL-10529,General Liability,2025-05-04,2025-05-04,,Under Investigation
CLM-50192,CC-197527,POL-10270,Personal Auto,2025-01-13,2025-01-20,,Open
CLM-50193,CC-287155,POL-10409,General Liability,2025-05-12,2025-05-22,2025-08-05,Closed
CLM-50194,CC-329183,POL-10488,Commercial Property,2025-05-18,2025-05-28,,Open
CLM-50195,CC-623238,POL-10916,Personal Auto,2025-04-15,2025-04-23,2025-05-22,Closed
CLM-50196,CC-378297,POL-10755,Commercial Property,2026-05-26,2026-06-01,2026-07-06,Closed
CLM-50197,CC-976960,POL-10212,Personal Auto,2026-01-05,2026-01-12,2026-02-17,Closed
CLM-50198,CC-225701,POL-10634,General Liability,2025-07-17,2025-07-28,2025-08-15,Closed
CLM-50199,CC-795650,POL-10943,General Liability,2026-05-03,2026-05-05,,Under Investigation
CLM-50200,CC-144316,POL-10505,Homeowners,2024-09-22,2024-09-22,,Under Investigation
CLM-50201,CC-750817,POL-10869,Homeowners,2025-08-08,2025-08-23,,Open
CLM-50202,CC-388078,POL-10323,Homeowners,2025-08-30,2025-09-14,,Under Investigation
CLM-50203,CC-393880,POL-10503,General Liability,2025-08-04,2025-08-09,,Under Investigation
CLM-50204,CC-234475,POL-10408,Personal Auto,2025-08-26,2025-09-02,,Under Investigation
CLM-50205,CC-667036,POL-10056,Personal Auto,2025-08-13,2025-08-26,,Open
CLM-50206,CC-819678,POL-10034,General Liability,2025-11-23,2025-12-04,,Open
CLM-50207,CC-226215,POL-10795,Homeowners,2025-03-23,2025-03-28,,Open
CLM-50208,CC-822689,POL-10716,Commercial Property,2025-01-09,2025-01-23,,Open
CLM-50209,CC-320989,POL-10009,Homeowners,2025-03-15,2025-03-15,,Under Investigation
CLM-50210,CC-479167,POL-10389,Personal Auto,2026-01-23,2026-01-26,,Open
CLM-50211,CC-375617,POL-10628,Commercial Property,2024-12-09,2024-12-17,2025-03-02,Closed
CLM-50212,CC-742865,POL-10243,Personal Auto,2025-08-23,2025-08-31,,Open
CLM-50213,CC-544536,POL-10352,Commercial Property,2026-01-19,2026-01-30,2026-04-08,Closed
CLM-50214,CC-888734,POL-10216,Homeowners,2025-12-15,2025-12-28,,Under Investigation
CLM-50215,CC-393212,POL-10382,Personal Auto,2025-08-21,2025-09-01,,Open
CLM-50216,CC-237509,POL-10462,General Liability,2025-09-18,2025-09-23,,Under Investigation
CLM-50217,CC-943146,POL-10590,Homeowners,2025-06-15,2025-06-22,2025-07-31,Closed
CLM-50218,CC-305587,POL-10242,Personal Auto,2025-06-07,2025-06-20,,Open
CLM-50219,CC-944804,POL-10150,Personal Auto,2025-01-25,2025-01-29,,Open
CLM-50220,CC-623866,POL-10010,General Liability,2024-11-02,2024-11-07,,Open
CLM-50221,CC-414608,POL-10138,Commercial Property,2025-12-21,2025-12-31,,Open
CLM-50222,CC-203782,POL-10257,General Liability,2025-06-11,2025-06-12,,Open
CLM-50223,CC-953350,POL-10708,Homeowners,2025-11-01,2025-11-06,2025-12-08,Closed
CLM-50224,CC-200979,POL-10261,General Liability,2025-09-01,2025-09-16,,Under Investigation
CLM-50225,CC-478496,POL-10461,Homeowners,2025-06-18,2025-06-28,,Open
CLM-50226,CC-120798,POL-10369,Personal Auto,2025-02-08,2025-02-16,,Open
CLM-50227,CC-812597,POL-10422,Commercial Property,2025-12-29,2026-01-01,,Open
CLM-50228,CC-703869,POL-10987,General Liability,2026-04-26,2026-05-02,,Under Investigation
CLM-50229,CC-472358,POL-10666,Homeowners,2025-08-31,2025-09-05,,Open
CLM-50230,CC-568640,POL-10333,Homeowners,2026-04-28,2026-05-13,,Under Investigation
CLM-50231,CC-743473,POL-10911,General Liability,2025-09-03,2025-09-05,,Open
CLM-50232,CC-251884,POL-10294,General Liability,2025-07-04,2025-07-18,,Under Investigation
CLM-50233,CC-946952,POL-10890,General Liability,2025-10-27,2025-11-01,,Under Investigation
CLM-50234,CC-761938,POL-10951,Personal Auto,2026-03-14,2026-03-24,,Open
CLM-50235,CC-269868,POL-10628,Commercial Property,2025-06-14,2025-06-26,2025-07-11,Closed
CLM-50236,CC-432270,POL-10352,Commercial Property,2025-04-19,2025-04-26,,Open
CLM-50237,CC-380465,POL-10669,Commercial Property,2025-03-14,2025-03-23,,Under Investigation
CLM-50238,CC-566509,POL-10620,Commercial Property,2025-04-28,2025-05-10,,Open
CLM-50239,CC-715429,POL-10800,Homeowners,2025-09-25,2025-10-06,,Under Investigation
CLM-50240,CC-275445,POL-10534,Homeowners,2025-02-07,2025-02-21,,Open
CLM-50241,CC-794180,POL-10189,Homeowners,2024-11-09,2024-11-09,2024-12-14,Closed
CLM-50242,CC-516332,POL-10258,Commercial Property,2025-05-01,2025-05-03,2025-05-29,Closed
CLM-50243,CC-675074,POL-10106,Commercial Property,2025-07-24,2025-07-27,2025-09-30,Closed
CLM-50244,CC-649435,POL-10056,Personal Auto,2025-09-02,2025-09-02,,Open
CLM-50245,CC-748127,POL-10784,Personal Auto,2025-03-05,2025-03-07,2025-04-14,Closed
CLM-50246,CC-508783,POL-10160,Homeowners,2025-08-30,2025-09-01,,Under Investigation
CLM-50247,CC-564687,POL-10317,Commercial Property,2025-02-04,2025-02-11,2025-03-24,Closed
CLM-50248,CC-979249,POL-10642,Homeowners,2026-01-10,2026-01-14,2026-03-27,Closed
CLM-50249,CC-474175,POL-10175,Commercial Property,2026-04-10,2026-04-10,2026-07-08,Closed
CLM-50250,CC-589887,POL-10882,General Liability,2025-06-25,2025-07-05,,Open
CLM-50251,CC-566453,POL-10999,Commercial Property,2026-01-25,2026-02-02,,Under Investigation
CLM-50252,CC-726612,POL-10139,Personal Auto,2025-11-02,2025-11-07,,Under Investigation
CLM-50253,CC-770864,POL-10468,Homeowners,2025-11-10,2025-11-23,,Under Investigation
CLM-50254,CC-605048,POL-10655,General Liability,2026-03-24,2026-04-02,,Open
CLM-50255,CC-422823,POL-10553,Commercial Property,2025-08-10,2025-08-17,2025-10-17,Closed
CLM-50256,CC-263281,POL-10375,Homeowners,2025-06-04,2025-06-17,,Open
CLM-50257,CC-954987,POL-10311,Commercial Property,2026-04-27,2026-04-27,2026-07-07,Closed
CLM-50258,CC-400692,POL-10777,Homeowners,2026-04-03,2026-04-07,,Open
CLM-50259,CC-615827,POL-10481,Personal Auto,2025-04-24,2025-04-24,,Under Investigation
CLM-50260,CC-109576,POL-10970,Personal Auto,2026-01-01,2026-01-16,,Open
CLM-50261,CC-726003,POL-10785,Personal Auto,2025-01-13,2025-01-26,,Open
CLM-50262,CC-491794,POL-10237,Homeowners,2025-07-24,2025-07-24,,Under Investigation
CLM-50263,CC-558339,POL-10194,General Liability,2025-08-20,2025-09-02,,Under Investigation
CLM-50264,CC-508654,POL-10405,Commercial Property,2026-04-22,2026-04-29,2026-07-25,Closed
CLM-50265,CC-183057,POL-10849,General Liability,2025-09-03,2025-09-15,2025-10-23,Closed
CLM-50266,CC-901676,POL-10433,Commercial Property,2025-07-02,2025-07-09,,Under Investigation
CLM-50267,CC-779956,POL-10820,Commercial Property,2025-10-27,2025-11-04,,Open
CLM-50268,CC-297132,POL-10761,General Liability,2025-07-16,2025-07-24,,Open
CLM-50269,CC-403662,POL-10874,Homeowners,2024-12-08,2024-12-10,2025-01-01,Closed
CLM-50270,CC-574760,POL-10114,Homeowners,2025-03-24,2025-04-07,,Under Investigation
CLM-50271,CC-120337,POL-10279,Commercial Property,2025-04-28,2025-05-13,2025-06-28,Closed
CLM-50272,CC-123205,POL-10156,Personal Auto,2025-05-11,2025-05-12,,Under Investigation
CLM-50273,CC-382271,POL-10191,General Liability,2025-03-10,2025-03-13,,Open
CLM-50274,CC-108602,POL-10129,Commercial Property,2025-11-11,2025-11-25,,Under Investigation
CLM-50275,CC-617555,POL-10239,Homeowners,2025-06-27,2025-06-29,2025-07-05,Closed
CLM-50276,CC-426711,POL-10223,Commercial Property,2025-07-24,2025-08-03,,Open
CLM-50277,CC-586208,POL-10805,Commercial Property,2025-06-09,2025-06-24,,Open
CLM-50278,CC-184120,POL-10714,Commercial Property,2025-09-16,2025-09-17,,Open
CLM-50279,CC-913331,POL-10864,Personal Auto,2026-04-21,2026-04-25,2026-06-03,Closed
CLM-50280,CC-592984,POL-10402,Commercial Property,2025-06-22,2025-06-24,,Under Investigation
CLM-50281,CC-956949,POL-10186,Personal Auto,2025-01-06,2025-01-12,,Open
CLM-50282,CC-503489,POL-10391,Personal Auto,2025-08-10,2025-08-10,2025-09-15,Closed
CLM-50283,CC-308855,POL-10790,Personal Auto,2025-09-03,2025-09-17,2025-09-26,Closed
CLM-50284,CC-798359,POL-10472,Personal Auto,2025-06-09,2025-06-12,,Under Investigation
CLM-50285,CC-814544,POL-10214,Homeowners,2025-10-04,2025-10-19,,Open
CLM-50286,CC-266316,POL-10985,Personal Auto,2025-12-08,2025-12-17,,Open
CLM-50287,CC-676276,POL-10645,Personal Auto,2026-05-20,2026-05-21,,Under Investigation
CLM-50288,CC-604605,POL-10534,Homeowners,2025-09-13,2025-09-16,,Open
CLM-50289,CC-154617,POL-10654,Homeowners,2025-06-03,2025-06-12,2025-08-02,Closed
CLM-50290,CC-763653,POL-10885,Personal Auto,2026-02-03,2026-02-09,2026-03-16,Closed
CLM-50291,CC-932978,POL-10445,Personal Auto,2025-08-23,2025-09-02,2025-09-28,Closed
CLM-50292,CC-927477,POL-10283,Personal Auto,2025-08-05,2025-08-08,,Open
CLM-50293,CC-921533,POL-10249,Commercial Property,2026-04-02,2026-04-02,2026-06-20,Closed
CLM-50294,CC-725173,POL-10708,Homeowners,2025-11-16,2025-12-01,,Under Investigation
CLM-50295,CC-265358,POL-10159,Personal Auto,2025-03-26,2025-04-06,2025-05-12,Closed
CLM-50296,CC-748696,POL-10512,General Liability,2025-07-14,2025-07-16,,Under Investigation
CLM-50297,CC-775885,POL-10347,General Liability,2026-07-07,2026-07-08,2026-08-27,Closed
CLM-50298,CC-343977,POL-10158,General Liability,2025-07-04,2025-07-07,2025-09-12,Closed
CLM-50299,CC-868804,POL-10325,Homeowners,2025-01-05,2025-01-16,,Open
CLM-50300,CC-496119,POL-10198,Personal Auto,2025-06-14,2025-06-14,,Under Investigation
CLM-50301,CC-141406,POL-10367,General Liability,2025-09-04,2025-09-08,,Open
CLM-50302,CC-409030,POL-10497,Commercial Property,2025-09-07,2025-09-21,,Under Investigation
CLM-50303,CC-295692,POL-10556,General Liability,2026-01-15,2026-01-30,2026-04-17,Closed
CLM-50304,CC-867979,POL-10557,General Liability,2025-06-21,2025-07-02,,Open
CLM-50305,CC-681456,POL-10480,General Liability,2026-01-23,2026-01-31,,Under Investigation
CLM-50306,CC-262555,POL-10165,Homeowners,2025-12-30,2026-01-01,,Under Investigation
CLM-50307,CC-667915,POL-10461,Homeowners,2025-05-02,2025-05-11,,Open
CLM-50308,CC-630535,POL-10376,Homeowners,2025-02-07,2025-02-21,2025-05-18,Closed
CLM-50309,CC-998450,POL-10389,Personal Auto,2025-11-30,2025-12-05,2026-02-27,Closed
CLM-50310,CC-856027,POL-10373,Commercial Property,2025-09-18,2025-09-25,,Open
CLM-50311,CC-816412,POL-10065,Homeowners,2025-08-19,2025-08-31,2025-11-11,Closed
CLM-50312,CC-396882,POL-10510,Commercial Property,2025-03-16,2025-03-20,,Under Investigation
CLM-50313,CC-437666,POL-10331,General Liability,2026-05-14,2026-05-27,,Under Investigation
CLM-50314,CC-790897,POL-10114,Homeowners,2025-04-11,2025-04-14,,Under Investigation
CLM-50315,CC-132792,POL-10069,Personal Auto,2025-02-25,2025-02-26,2025-03-25,Closed
CLM-50316,CC-300924,POL-10207,Homeowners,2025-02-24,2025-02-27,,Open
CLM-50317,CC-772925,POL-10102,Personal Auto,2025-05-30,2025-05-31,,Under Investigation
CLM-50318,CC-613707,POL-10857,Personal Auto,2026-03-15,2026-03-27,,Under Investigation
CLM-50319,CC-331444,POL-10539,Commercial Property,2025-06-16,2025-06-24,2025-08-14,Closed
CLM-50320,CC-787603,POL-10621,Homeowners,2025-08-19,2025-08-21,2025-09-21,Closed
CLM-50321,CC-939930,POL-10504,Commercial Property,2026-01-04,2026-01-06,,Open
CLM-50322,CC-685126,POL-10655,General Liability,2026-04-26,2026-04-27,,Open
CLM-50323,CC-932831,POL-10762,General Liability,2025-04-10,2025-04-23,,Open
CLM-50324,CC-378727,POL-10726,General Liability,2025-12-11,2025-12-12,,Under Investigation
CLM-50325,CC-173807,POL-10542,Commercial Property,2026-05-05,2026-05-06,,Under Investigation
CLM-50326,CC-644719,POL-10855,Personal Auto,2025-08-30,2025-09-08,2025-10-10,Closed
CLM-50327,CC-342239,POL-10100,General Liability,2025-11-06,2025-11-09,,Under Investigation
CLM-50328,CC-651752,POL-10545,Commercial Property,2025-01-31,2025-02-12,2025-03-13,Closed
CLM-50329,CC-755700,POL-10673,Commercial Property,2026-06-07,2026-06-14,,Under Investigation
CLM-50330,CC-885587,POL-10971,General Liability,2025-08-08,2025-08-13,,Under Investigation
CLM-50331,CC-210639,POL-10572,Personal Auto,2025-11-08,2025-11-21,,Under Investigation
CLM-50332,CC-581003,POL-10785,Personal Auto,2025-01-18,2025-01-29,,Under Investigation
CLM-50333,CC-930956,POL-10720,Commercial Property,2025-04-19,2025-05-02,2025-05-28,Closed
CLM-50334,CC-453907,POL-10185,Personal Auto,2025-06-03,2025-06-15,,Under Investigation
CLM-50335,CC-729057,POL-10674,Commercial Property,2025-08-04,2025-08-09,,Under Investigation
CLM-50336,CC-676802,POL-10454,Homeowners,2025-02-08,2025-02-19,,Open
CLM-50337,CC-901305,POL-10333,Homeowners,2025-11-04,2025-11-15,,Open
CLM-50338,CC-439162,POL-10649,Commercial Property,2025-05-13,2025-05-26,,Under Investigation
CLM-50339,CC-672130,POL-10624,Commercial Property,2025-06-24,2025-07-01,,Under Investigation
CLM-50340,CC-880746,POL-10220,Homeowners,2025-05-10,2025-05-22,,Under Investigation
CLM-50341,CC-569237,POL-10261,General Liability,2026-01-09,2026-01-20,,Open
CLM-50342,CC-398301,POL-10983,Commercial Property,2025-01-20,2025-02-01,2025-02-10,Closed
CLM-50343,CC-241647,POL-10611,Personal Auto,2026-02-10,2026-02-10,,Under Investigation
CLM-50344,CC-332665,POL-10912,General Liability,2025-12-26,2026-01-04,2026-02-16,Closed
CLM-50345,CC-680557,POL-10220,Homeowners,2025-09-28,2025-10-08,2025-11-17,Closed
CLM-50346,CC-582732,POL-10524,Personal Auto,2025-10-05,2025-10-09,2025-10-18,Closed
CLM-50347,CC-484914,POL-10365,Personal Auto,2025-12-10,2025-12-14,2026-01-21,Closed
CLM-50348,CC-950472,POL-10911,General Liability,2026-02-03,2026-02-10,2026-03-19,Closed
CLM-50349,CC-519218,POL-10308,Personal Auto,2025-12-21,2025-12-23,,Under Investigation
CLM-50350,CC-180951,POL-10583,Homeowners,2025-09-21,2025-09-27,,Under Investigation
CLM-50351,CC-281301,POL-10741,Homeowners,2025-08-30,2025-09-09,,Open
CLM-50352,CC-773452,POL-10500,General Liability,2025-04-07,2025-04-10,,Under Investigation
CLM-50353,CC-947607,POL-10308,Personal Auto,2026-06-23,2026-06-24,,Under Investigation
CLM-50354,CC-908348,POL-10591,General Liability,2026-04-12,2026-04-24,2026-05-06,Closed
CLM-50355,CC-536754,POL-10343,Personal Auto,2025-06-08,2025-06-19,,Open
CLM-50356,CC-990742,POL-10953,General Liability,2025-09-19,2025-09-22,2025-12-19,Closed
CLM-50357,CC-915182,POL-10617,Homeowners,2025-08-10,2025-08-10,,Under Investigation
CLM-50358,CC-649855,POL-10648,Homeowners,2025-10-29,2025-11-10,2025-12-24,Closed
CLM-50359,CC-692354,POL-10043,Commercial Property,2025-09-18,2025-09-28,,Under Investigation
CLM-50360,CC-831663,POL-10154,Homeowners,2025-09-06,2025-09-16,,Under Investigation
CLM-50361,CC-567262,POL-10227,General Liability,2025-03-20,2025-03-24,2025-05-18,Closed
CLM-50362,CC-403859,POL-10771,Personal Auto,2026-01-24,2026-01-26,2026-03-27,Closed
CLM-50363,CC-452497,POL-10806,Personal Auto,2025-08-11,2025-08-23,2025-09-13,Closed
CLM-50364,CC-881519,POL-10085,General Liability,2025-04-18,2025-05-03,,Under Investigation
CLM-50365,CC-189211,POL-10051,Commercial Property,2025-09-29,2025-10-11,,Open
CLM-50366,CC-236708,POL-10409,General Liability,2025-07-08,2025-07-21,,Under Investigation
CLM-50367,CC-686464,POL-10781,Homeowners,2026-05-07,2026-05-11,,Open
CLM-50368,CC-783932,POL-10203,Personal Auto,2025-08-09,2025-08-24,,Open
CLM-50369,CC-745919,POL-10586,Personal Auto,2025-04-17,2025-04-23,,Under Investigation
CLM-50370,CC-379190,POL-10754,Personal Auto,2026-01-26,2026-02-02,2026-02-16,Closed
CLM-50371,CC-817999,POL-10796,Commercial Property,2025-08-16,2025-08-29,,Open
CLM-50372,CC-533672,POL-10947,General Liability,2026-01-09,2026-01-11,2026-04-11,Closed
CLM-50373,CC-299742,POL-10434,Commercial Property,2025-12-01,2025-12-12,,Open
CLM-50374,CC-787247,POL-10329,Homeowners,2025-06-09,2025-06-20,,Under Investigation
CLM-50375,CC-746154,POL-10025,Homeowners,2025-08-15,2025-08-24,2025-10-12,Closed
CLM-50376,CC-252901,POL-10842,General Liability,2025-10-21,2025-11-04,,Under Investigation
CLM-50377,CC-818651,POL-10452,Personal Auto,2025-08-04,2025-08-05,2025-09-04,Closed
CLM-50378,CC-994188,POL-10383,General Liability,2025-11-30,2025-12-04,,Under Investigation
CLM-50379,CC-157187,POL-10088,Commercial Property,2025-06-29,2025-07-02,,Under Investigation
CLM-50380,CC-114400,POL-10249,Commercial Property,2025-04-24,2025-04-28,,Open
CLM-50381,CC-571923,POL-10352,Commercial Property,2026-01-28,2026-01-31,,Open
CLM-50382,CC-319162,POL-10483,Commercial Property,2025-10-20,2025-10-20,,Open
CLM-50383,CC-648684,POL-10758,Personal Auto,2025-09-03,2025-09-09,2025-11-22,Closed
CLM-50384,CC-606489,POL-10769,Commercial Property,2025-07-10,2025-07-18,,Under Investigation
CLM-50385,CC-832697,POL-10638,Homeowners,2024-10-06,2024-10-10,,Under Investigation
CLM-50386,CC-711324,POL-10685,Commercial Property,2024-11-24,2024-11-24,,Open
CLM-50387,CC-278593,POL-10928,Commercial Property,2026-01-07,2026-01-08,,Open
CLM-50388,CC-384459,POL-10062,General Liability,2025-12-12,2025-12-21,2026-03-15,Closed
CLM-50389,CC-108739,POL-10055,Commercial Property,2025-05-25,2025-06-08,,Under Investigation
CLM-50390,CC-384489,POL-10069,Personal Auto,2025-08-19,2025-08-31,,Under Investigation
CLM-50391,CC-406703,POL-10679,Commercial Property,2025-04-07,2025-04-18,2025-04-25,Closed
CLM-50392,CC-633243,POL-10889,Homeowners,2024-12-17,2024-12-29,2025-02-20,Closed
CLM-50393,CC-608205,POL-10727,Personal Auto,2025-05-12,2025-05-15,,Open
CLM-50394,CC-624970,POL-10888,Commercial Property,2025-04-23,2025-04-25,2025-05-25,Closed
CLM-50395,CC-847078,POL-10990,Personal Auto,2025-08-07,2025-08-21,,Under Investigation
CLM-50396,CC-419739,POL-10023,Homeowners,2025-07-02,2025-07-03,2025-09-13,Closed
CLM-50397,CC-880550,POL-10342,Commercial Property,2025-07-26,2025-08-10,,Open
CLM-50398,CC-817552,POL-10161,General Liability,2025-03-17,2025-03-17,,Open
CLM-50399,CC-417012,POL-10361,General Liability,2025-06-13,2025-06-24,,Under Investigation
CLM-50400,CC-370196,POL-10242,Personal Auto,2025-06-26,2025-07-04,2025-09-27,Closed
CLM-50401,CC-393804,POL-10900,General Liability,2025-06-26,2025-07-08,2025-09-22,Closed
CLM-50402,CC-511929,POL-10231,Homeowners,2024-09-27,2024-10-01,,Open
CLM-50403,CC-646012,POL-10673,Commercial Property,2026-01-08,2026-01-12,2026-03-06,Closed
CLM-50404,CC-352036,POL-10984,Homeowners,2025-11-09,2025-11-16,,Open
CLM-50405,CC-427557,POL-10587,Commercial Property,2025-07-13,2025-07-17,,Open
CLM-50406,CC-668573,POL-10932,Homeowners,2025-06-20,2025-06-30,,Open
CLM-50407,CC-245308,POL-10135,Personal Auto,2025-08-08,2025-08-14,,Under Investigation
CLM-50408,CC-821978,POL-10595,Personal Auto,2025-07-19,2025-07-25,2025-09-07,Closed
CLM-50409,CC-907455,POL-10723,Commercial Property,2025-06-18,2025-06-22,,Open
CLM-50410,CC-171108,POL-10149,Personal Auto,2025-04-30,2025-05-05,,Open
CLM-50411,CC-980303,POL-10571,General Liability,2025-07-24,2025-07-27,2025-09-10,Closed
CLM-50412,CC-130915,POL-10901,General Liability,2025-09-30,2025-10-04,,Under Investigation
CLM-50413,CC-531228,POL-10784,Personal Auto,2025-07-19,2025-07-29,,Open
CLM-50414,CC-961613,POL-10311,Commercial Property,2026-02-15,2026-03-01,,Under Investigation
CLM-50415,CC-211957,POL-10916,Personal Auto,2025-03-15,2025-03-23,2025-04-21,Closed
CLM-50416,CC-746915,POL-10135,Personal Auto,2025-02-11,2025-02-16,2025-05-10,Closed
CLM-50417,CC-343461,POL-10274,Homeowners,2026-03-19,2026-03-26,,Under Investigation
CLM-50418,CC-183336,POL-10237,Homeowners,2025-08-02,2025-08-02,,Open
CLM-50419,CC-987240,POL-10705,General Liability,2025-10-01,2025-10-16,2025-12-24,Closed
CLM-50420,CC-781121,POL-10620,Commercial Property,2024-12-12,2024-12-27,,Under Investigation
CLM-50421,CC-615318,POL-10383,General Liability,2025-06-12,2025-06-17,,Open
CLM-50422,CC-337264,POL-10486,Commercial Property,2026-01-27,2026-01-31,2026-03-01,Closed
CLM-50423,CC-533108,POL-10034,General Liability,2026-07-28,2026-08-10,2026-09-18,Closed
CLM-50424,CC-285679,POL-10228,Homeowners,2026-01-07,2026-01-13,2026-01-26,Closed
CLM-50425,CC-613742,POL-10950,Personal Auto,2025-11-10,2025-11-24,,Under Investigation
CLM-50426,CC-358771,POL-10705,General Liability,2025-03-31,2025-04-10,,Open
CLM-50427,CC-871051,POL-10438,Homeowners,2026-02-04,2026-02-16,2026-05-09,Closed
CLM-50428,CC-428096,POL-10845,Commercial Property,2026-06-12,2026-06-24,,Under Investigation
CLM-50429,CC-214626,POL-10404,Homeowners,2025-10-06,2025-10-07,,Under Investigation
CLM-50430,CC-643899,POL-10463,Commercial Property,2024-11-24,2024-12-08,2025-01-13,Closed
CLM-50431,CC-141158,POL-10551,Personal Auto,2026-02-02,2026-02-14,,Under Investigation
CLM-50432,CC-902328,POL-10572,Personal Auto,2025-05-22,2025-06-03,,Under Investigation
CLM-50433,CC-560905,POL-10646,General Liability,2025-11-01,2025-11-02,2025-12-14,Closed
CLM-50434,CC-583757,POL-10408,Personal Auto,2025-10-03,2025-10-12,,Open
CLM-50435,CC-742917,POL-10171,Personal Auto,2026-04-26,2026-05-09,,Open
CLM-50436,CC-642081,POL-10942,General Liability,2025-10-29,2025-10-30,,Under Investigation
CLM-50437,CC-970206,POL-10926,Commercial Property,2025-04-02,2025-04-06,,Open
CLM-50438,CC-218669,POL-10662,General Liability,2024-12-16,2024-12-30,2025-03-09,Closed
CLM-50439,CC-533648,POL-10185,Personal Auto,2025-07-23,2025-07-27,,Open
CLM-50440,CC-575718,POL-10332,Homeowners,2025-09-09,2025-09-23,2025-10-20,Closed
CLM-50441,CC-194560,POL-10605,Commercial Property,2025-06-23,2025-06-29,,Open
CLM-50442,CC-780081,POL-10257,General Liability,2025-06-18,2025-06-28,,Under Investigation
CLM-50443,CC-868881,POL-10929,Commercial Property,2025-10-22,2025-10-27,,Under Investigation
CLM-50444,CC-764873,POL-10127,Homeowners,2025-04-29,2025-05-01,2025-07-02,Closed
CLM-50445,CC-841635,POL-10372,Commercial Property,2025-12-17,2025-12-19,,Under Investigation
CLM-50446,CC-677079,POL-10394,Commercial Property,2025-12-20,2025-12-25,,Open
CLM-50447,CC-692960,POL-10390,Homeowners,2025-05-09,2025-05-10,2025-06-26,Closed
CLM-50448,CC-287555,POL-10893,Commercial Property,2025-08-21,2025-08-25,2025-09-17,Closed
CLM-50449,CC-423026,POL-10788,Commercial Property,2025-04-24,2025-04-25,,Open
CLM-50450,CC-756883,POL-10317,Commercial Property,2025-04-24,2025-05-08,,Open
CLM-50451,CC-103704,POL-10186,Personal Auto,2024-12-28,2024-12-31,2025-01-30,Closed
CLM-50452,CC-621800,POL-10638,Homeowners,2024-10-28,2024-11-05,2025-01-07,Closed
CLM-50453,CC-946677,POL-10876,General Liability,2025-04-10,2025-04-25,,Under Investigation
CLM-50454,CC-717466,POL-10006,Commercial Property,2026-03-21,2026-04-05,2026-05-07,Closed
CLM-50455,CC-530074,POL-10676,Homeowners,2025-09-26,2025-10-11,,Open
CLM-50456,CC-729252,POL-10453,General Liability,2026-01-28,2026-01-30,,Under Investigation
CLM-50457,CC-391622,POL-10007,Commercial Property,2026-01-17,2026-01-24,,Under Investigation
CLM-50458,CC-255457,POL-10635,Commercial Property,2025-01-21,2025-01-27,2025-02-24,Closed
CLM-50459,CC-995304,POL-10057,Personal Auto,2025-07-14,2025-07-25,2025-08-17,Closed
CLM-50460,CC-191962,POL-10034,General Liability,2025-10-10,2025-10-19,,Open
CLM-50461,CC-286906,POL-10051,Commercial Property,2025-05-04,2025-05-07,,Open
CLM-50462,CC-793029,POL-10166,Commercial Property,2025-06-18,2025-06-27,,Under Investigation
CLM-50463,CC-885734,POL-10709,Homeowners,2025-10-07,2025-10-12,,Open
CLM-50464,CC-905843,POL-10593,Personal Auto,2025-02-26,2025-03-09,2025-03-25,Closed
CLM-50465,CC-497346,POL-10307,Personal Auto,2025-01-16,2025-01-26,,Open
CLM-50466,CC-984274,POL-10840,Personal Auto,2025-12-12,2025-12-14,,Open
CLM-50467,CC-593687,POL-10564,Commercial Property,2025-11-03,2025-11-05,,Open
CLM-50468,CC-387748,POL-10138,Commercial Property,2026-02-11,2026-02-14,,Under Investigation
CLM-50469,CC-320038,POL-10338,General Liability,2026-04-28,2026-05-11,,Under Investigation
CLM-50470,CC-161010,POL-10713,Commercial Property,2025-12-10,2025-12-16,,Under Investigation
CLM-50471,CC-859246,POL-10112,Personal Auto,2025-11-06,2025-11-08,,Open
CLM-50472,CC-738419,POL-10706,Homeowners,2025-06-01,2025-06-10,,Open
CLM-50473,CC-650912,POL-10869,Homeowners,2025-04-03,2025-04-13,,Open
CLM-50474,CC-689964,POL-10589,Homeowners,2025-11-30,2025-12-11,2026-03-04,Closed
CLM-50475,CC-947228,POL-10509,Personal Auto,2025-03-07,2025-03-22,,Open
CLM-50476,CC-404598,POL-10185,Personal Auto,2025-10-24,2025-10-31,,Under Investigation
CLM-50477,CC-587467,POL-10199,General Liability,2026-05-03,2026-05-03,2026-05-11,Closed
CLM-50478,CC-989265,POL-10641,Commercial Property,2025-08-30,2025-09-02,,Under Investigation
CLM-50479,CC-147702,POL-10213,Personal Auto,2025-09-01,2025-09-14,,Open
CLM-50480,CC-945197,POL-10342,Commercial Property,2025-08-30,2025-09-10,,Under Investigation
CLM-50481,CC-310960,POL-10653,Commercial Property,2026-02-05,2026-02-11,2026-05-08,Closed
CLM-50482,CC-928580,POL-10707,Personal Auto,2025-09-06,2025-09-15,,Open
CLM-50483,CC-631302,POL-10070,General Liability,2024-12-16,2024-12-25,,Open
CLM-50484,CC-819150,POL-10564,Commercial Property,2025-08-12,2025-08-22,2025-09-10,Closed
CLM-50485,CC-859584,POL-10342,Commercial Property,2025-02-22,2025-03-04,,Open
CLM-50486,CC-446569,POL-10583,Homeowners,2026-01-16,2026-01-16,2026-02-14,Closed
CLM-50487,CC-602381,POL-10854,General Liability,2025-09-01,2025-09-11,,Under Investigation
CLM-50488,CC-242348,POL-10939,Personal Auto,2026-02-17,2026-03-04,2026-05-30,Closed
CLM-50489,CC-582992,POL-10494,General Liability,2024-12-28,2025-01-01,,Under Investigation
CLM-50490,CC-922072,POL-10914,General Liability,2025-06-14,2025-06-24,,Open
CLM-50491,CC-158743,POL-10834,Personal Auto,2025-12-08,2025-12-21,,Under Investigation
CLM-50492,CC-860180,POL-10856,General Liability,2025-12-17,2025-12-26,,Under Investigation
CLM-50493,CC-661916,POL-10695,Commercial Property,2026-05-25,2026-06-04,,Under Investigation
CLM-50494,CC-818791,POL-10020,Personal Auto,2024-11-22,2024-11-28,,Under Investigation
CLM-50495,CC-394083,POL-10340,Commercial Property,2025-11-23,2025-12-04,2025-12-28,Closed
CLM-50496,CC-493468,POL-10861,Personal Auto,2026-06-06,2026-06-06,,Open
CLM-50497,CC-735111,POL-10642,Homeowners,2025-03-28,2025-04-02,,Under Investigation
CLM-50498,CC-222520,POL-10399,General Liability,2025-11-25,2025-11-30,,Under Investigation
CLM-50499,CC-999488,POL-10886,Commercial Property,2025-08-26,2025-09-04,,Under Investigation
CLM-50500,CC-533973,POL-10323,Homeowners,2026-03-22,2026-03-23,,Open
CLM-50501,CC-573858,POL-10089,Personal Auto,2025-05-19,2025-06-03,2025-07-25,Closed
CLM-50502,CC-417003,POL-10850,Commercial Property,2026-04-28,2026-05-07,2026-07-18,Closed
CLM-50503,CC-923073,POL-10180,General Liability,2025-03-22,2025-03-25,,Open
CLM-50504,CC-630573,POL-10039,Personal Auto,2026-01-29,2026-02-04,2026-04-06,Closed
CLM-50505,CC-261562,POL-10026,Homeowners,2025-09-23,2025-10-08,,Under Investigation
CLM-50506,CC-868020,POL-10195,Commercial Property,2025-02-01,2025-02-11,,Open
CLM-50507,CC-250255,POL-10895,Personal Auto,2024-11-16,2024-11-25,,Open
CLM-50508,CC-809589,POL-10788,Commercial Property,2025-08-19,2025-08-22,,Under Investigation
CLM-50509,CC-138328,POL-10136,Homeowners,2025-06-18,2025-06-24,,Under Investigation
CLM-50510,CC-647718,POL-10471,Homeowners,2025-05-26,2025-06-07,,Under Investigation
CLM-50511,CC-146168,POL-10119,Personal Auto,2025-10-15,2025-10-15,,Open
CLM-50512,CC-589554,POL-10704,Commercial Property,2025-04-15,2025-04-17,,Open
CLM-50513,CC-903398,POL-10911,General Liability,2025-10-14,2025-10-15,2025-12-25,Closed
CLM-50514,CC-895338,POL-10675,General Liability,2026-03-07,2026-03-16,2026-06-02,Closed
CLM-50515,CC-310297,POL-10320,General Liability,2025-11-29,2025-12-05,,Open
CLM-50516,CC-658131,POL-10198,Personal Auto,2025-06-04,2025-06-13,,Open
CLM-50517,CC-223365,POL-10327,General Liability,2025-07-08,2025-07-22,,Under Investigation
CLM-50518,CC-220020,POL-10280,General Liability,2025-09-29,2025-10-03,2025-11-12,Closed
CLM-50519,CC-467335,POL-10016,Commercial Property,2025-07-21,2025-07-24,2025-10-06,Closed
CLM-50520,CC-248433,POL-10563,Homeowners,2025-10-07,2025-10-17,,Open
CLM-50521,CC-356717,POL-10966,Commercial Property,2025-02-04,2025-02-13,,Under Investigation
CLM-50522,CC-743052,POL-10176,Commercial Property,2024-11-30,2024-12-02,,Open
CLM-50523,CC-565198,POL-10914,General Liability,2026-02-22,2026-03-04,,Under Investigation
CLM-50524,CC-808308,POL-10052,Homeowners,2025-04-27,2025-05-01,2025-07-05,Closed
CLM-50525,CC-156413,POL-10052,Homeowners,2025-03-17,2025-03-20,,Open
CLM-50526,CC-287677,POL-10089,Personal Auto,2025-04-07,2025-04-20,,Open
CLM-50527,CC-472899,POL-10722,Commercial Property,2025-11-01,2025-11-15,,Under Investigation
CLM-50528,CC-948612,POL-10320,General Liability,2025-10-20,2025-10-30,2026-01-28,Closed
CLM-50529,CC-695370,POL-10547,Personal Auto,2026-01-05,2026-01-07,,Open
CLM-50530,CC-591022,POL-10135,Personal Auto,2025-09-10,2025-09-12,,Under Investigation
CLM-50531,CC-817727,POL-10100,General Liability,2025-10-04,2025-10-18,,Open
CLM-50532,CC-342948,POL-10660,Personal Auto,2025-09-04,2025-09-18,,Open
CLM-50533,CC-370587,POL-10971,General Liability,2025-04-28,2025-05-05,2025-07-27,Closed
CLM-50534,CC-292259,POL-10935,Commercial Property,2025-04-09,2025-04-20,,Open
CLM-50535,CC-575301,POL-10717,General Liability,2025-07-03,2025-07-13,,Open
CLM-50536,CC-218370,POL-10500,General Liability,2025-03-10,2025-03-10,2025-05-14,Closed
CLM-50537,CC-986850,POL-10360,Commercial Property,2025-12-11,2025-12-26,,Open
CLM-50538,CC-733801,POL-10175,Commercial Property,2025-11-11,2025-11-20,,Open
CLM-50539,CC-207932,POL-10589,Homeowners,2025-01-29,2025-02-02,,Under Investigation
CLM-50540,CC-683165,POL-10416,Personal Auto,2025-04-25,2025-04-28,,Open
CLM-50541,CC-658624,POL-10666,Homeowners,2026-01-23,2026-01-25,,Open
CLM-50542,CC-533525,POL-10473,General Liability,2025-05-06,2025-05-18,,Under Investigation
CLM-50543,CC-266744,POL-10245,Commercial Property,2025-02-28,2025-03-07,,Under Investigation
CLM-50544,CC-169268,POL-10998,General Liability,2025-02-12,2025-02-27,,Open
CLM-50545,CC-719677,POL-10349,General Liability,2025-10-17,2025-10-23,,Under Investigation
CLM-50546,CC-925571,POL-10442,Personal Auto,2026-06-28,2026-07-11,,Under Investigation
CLM-50547,CC-802131,POL-10351,Personal Auto,2026-06-11,2026-06-18,2026-09-15,Closed
CLM-50548,CC-725030,POL-10080,Personal Auto,2025-07-27,2025-08-11,2025-10-30,Closed
CLM-50549,CC-202397,POL-10475,Personal Auto,2025-12-16,2025-12-26,,Under Investigation
CLM-50550,CC-525505,POL-10842,General Liability,2025-12-09,2025-12-23,2026-02-05,Closed
CLM-50551,CC-953610,POL-10072,General Liability,2026-05-07,2026-05-10,,Under Investigation
CLM-50552,CC-618306,POL-10611,Personal Auto,2025-10-23,2025-11-04,,Open
CLM-50553,CC-956721,POL-10661,Homeowners,2025-04-18,2025-04-19,2025-05-21,Closed
CLM-50554,CC-256464,POL-10143,Commercial Property,2025-01-28,2025-01-28,2025-04-27,Closed
CLM-50555,CC-745474,POL-10464,General Liability,2025-01-25,2025-02-03,,Open
CLM-50556,CC-814622,POL-10592,Homeowners,2025-08-01,2025-08-15,2025-09-15,Closed
CLM-50557,CC-697978,POL-10899,General Liability,2025-03-17,2025-03-27,,Open
CLM-50558,CC-852658,POL-10814,Commercial Property,2025-11-11,2025-11-20,,Open
CLM-50559,CC-108513,POL-10938,Personal Auto,2025-11-22,2025-12-03,2026-02-20,Closed
CLM-50560,CC-165442,POL-10627,General Liability,2025-08-07,2025-08-19,2025-09-30,Closed
CLM-50561,CC-960622,POL-10379,General Liability,2025-06-23,2025-06-24,2025-09-08,Closed
CLM-50562,CC-132699,POL-10368,Commercial Property,2025-12-06,2025-12-09,,Open
CLM-50563,CC-718831,POL-10241,Personal Auto,2025-02-12,2025-02-25,,Under Investigation
CLM-50564,CC-501384,POL-10404,Homeowners,2025-10-26,2025-11-05,,Under Investigation
CLM-50565,CC-671598,POL-10416,Personal Auto,2025-08-19,2025-08-31,,Open
CLM-50566,CC-245824,POL-10217,Commercial Property,2025-11-19,2025-11-24,,Open
CLM-50567,CC-980764,POL-10193,Homeowners,2025-05-21,2025-06-02,,Open
CLM-50568,CC-802615,POL-10428,General Liability,2025-05-21,2025-05-25,,Open
CLM-50569,CC-779885,POL-10129,Commercial Property,2026-04-24,2026-04-28,2026-05-12,Closed
CLM-50570,CC-610343,POL-10017,Personal Auto,2024-11-26,2024-11-30,,Under Investigation
CLM-50571,CC-243885,POL-10674,Commercial Property,2025-11-20,2025-12-03,2025-12-18,Closed
CLM-50572,CC-927251,POL-10658,Homeowners,2025-11-18,2025-12-01,,Open
CLM-50573,CC-288531,POL-10713,Commercial Property,2026-01-02,2026-01-15,,Under Investigation
CLM-50574,CC-959907,POL-10466,Personal Auto,2025-06-06,2025-06-19,,Under Investigation
CLM-50575,CC-336706,POL-10461,Homeowners,2025-01-12,2025-01-24,,Open
CLM-50576,CC-107790,POL-10191,General Liability,2025-11-28,2025-12-11,,Under Investigation
CLM-50577,CC-348250,POL-10592,Homeowners,2025-07-28,2025-08-12,,Under Investigation
CLM-50578,CC-672696,POL-10730,Homeowners,2026-01-03,2026-01-11,,Open
CLM-50579,CC-695748,POL-10591,General Liability,2025-08-23,2025-09-03,2025-09-12,Closed
CLM-50580,CC-604923,POL-10495,General Liability,2025-11-29,2025-12-10,2026-02-27,Closed
CLM-50581,CC-887042,POL-10985,Personal Auto,2025-09-17,2025-09-19,2025-11-30,Closed
CLM-50582,CC-642060,POL-10798,Commercial Property,2026-06-16,2026-06-24,,Open
CLM-50583,CC-761297,POL-10081,Commercial Property,2025-03-24,2025-03-26,2025-05-30,Closed
CLM-50584,CC-764469,POL-10760,Personal Auto,2025-02-05,2025-02-07,,Under Investigation
CLM-50585,CC-155337,POL-10553,Commercial Property,2024-11-12,2024-11-21,,Under Investigation
CLM-50586,CC-916344,POL-10926,Commercial Property,2025-01-31,2025-02-10,,Under Investigation
CLM-50587,CC-637566,POL-10012,General Liability,2025-06-09,2025-06-24,,Open
CLM-50588,CC-869460,POL-10928,Commercial Property,2025-11-24,2025-12-09,,Under Investigation
CLM-50589,CC-936997,POL-10340,Commercial Property,2025-04-06,2025-04-19,,Open
CLM-50590,CC-828813,POL-10302,General Liability,2026-02-05,2026-02-14,2026-02-23,Closed
CLM-50591,CC-923154,POL-10946,Commercial Property,2025-08-15,2025-08-24,,Under Investigation
CLM-50592,CC-596144,POL-10578,Personal Auto,2025-12-09,2025-12-17,2026-03-12,Closed
CLM-50593,CC-154127,POL-10593,Personal Auto,2025-01-27,2025-02-01,,Under Investigation
CLM-50594,CC-754643,POL-10673,Commercial Property,2026-03-27,2026-04-05,,Under Investigation
CLM-50595,CC-186518,POL-10028,Personal Auto,2025-04-05,2025-04-14,,Open
CLM-50596,CC-364294,POL-10130,Commercial Property,2025-07-26,2025-07-28,,Open
CLM-50597,CC-999529,POL-10136,Homeowners,2025-05-26,2025-06-03,,Open
CLM-50598,CC-216968,POL-10264,General Liability,2025-04-20,2025-04-20,,Under Investigation
CLM-50599,CC-874863,POL-10619,General Liability,2025-10-25,2025-10-30,,Under Investigation
CLM-50600,CC-947082,POL-10155,Commercial Property,2024-11-25,2024-12-09,,Open
CLM-50601,CC-347669,POL-10180,General Liability,2026-01-07,2026-01-15,,Under Investigation
CLM-50602,CC-134697,POL-10497,Commercial Property,2025-03-03,2025-03-08,,Under Investigation
CLM-50603,CC-961639,POL-10352,Commercial Property,2025-10-21,2025-10-23,2026-01-12,Closed
CLM-50604,CC-907789,POL-10158,General Liability,2025-12-02,2025-12-17,,Open
CLM-50605,CC-561567,POL-10393,Personal Auto,2025-07-07,2025-07-14,,Under Investigation
CLM-50606,CC-870033,POL-10744,Personal Auto,2026-02-23,2026-02-28,2026-05-17,Closed
CLM-50607,CC-377238,POL-10863,Commercial Property,2025-11-13,2025-11-24,2026-02-19,Closed
CLM-50608,CC-586554,POL-10774,Homeowners,2025-12-27,2025-12-30,2026-01-25,Closed
CLM-50609,CC-599401,POL-10409,General Liability,2025-04-10,2025-04-25,,Open
CLM-50610,CC-816712,POL-10765,Commercial Property,2025-03-16,2025-03-23,,Open
CLM-50611,CC-375382,POL-10723,Commercial Property,2026-02-02,2026-02-14,,Open
CLM-50612,CC-936039,POL-10149,Personal Auto,2025-05-22,2025-06-04,2025-07-15,Closed
CLM-50613,CC-431023,POL-10460,Commercial Property,2025-07-15,2025-07-27,,Under Investigation
CLM-50614,CC-768387,POL-10985,Personal Auto,2026-01-17,2026-01-18,2026-04-01,Closed
CLM-50615,CC-783740,POL-10363,General Liability,2025-08-20,2025-09-02,,Under Investigation
CLM-50616,CC-383457,POL-10879,Homeowners,2025-05-24,2025-06-01,,Open
CLM-50617,CC-786128,POL-10274,Homeowners,2026-01-17,2026-01-20,,Open
CLM-50618,CC-910707,POL-10599,Homeowners,2025-03-31,2025-04-12,,Open
CLM-50619,CC-804527,POL-10692,General Liability,2025-05-09,2025-05-16,,Under Investigation
CLM-50620,CC-453796,POL-10603,Homeowners,2026-01-21,2026-01-27,,Under Investigation
CLM-50621,CC-674213,POL-10694,Personal Auto,2026-01-07,2026-01-12,,Open
CLM-50622,CC-531225,POL-10011,Personal Auto,2025-08-19,2025-08-19,2025-08-25,Closed
CLM-50623,CC-567604,POL-10101,Commercial Property,2025-04-23,2025-04-26,,Under Investigation
CLM-50624,CC-397058,POL-10360,Commercial Property,2025-05-05,2025-05-12,,Under Investigation
CLM-50625,CC-749485,POL-10258,Commercial Property,2024-11-23,2024-11-29,2024-12-07,Closed
CLM-50626,CC-788500,POL-10095,Homeowners,2024-09-25,2024-09-26,,Under Investigation
CLM-50627,CC-769078,POL-10916,Personal Auto,2025-05-27,2025-06-02,,Under Investigation
CLM-50628,CC-236217,POL-10125,General Liability,2025-02-04,2025-02-07,2025-04-30,Closed
CLM-50629,CC-365641,POL-10385,Commercial Property,2025-03-20,2025-03-25,2025-04-22,Closed
CLM-50630,CC-179392,POL-10302,General Liability,2025-10-06,2025-10-20,,Under Investigation
CLM-50631,CC-906731,POL-10655,General Liability,2025-09-30,2025-10-14,,Open
CLM-50632,CC-269833,POL-10438,Homeowners,2026-03-06,2026-03-16,,Open
CLM-50633,CC-914854,POL-10800,Homeowners,2026-03-01,2026-03-03,,Open
CLM-50634,CC-448813,POL-10064,Personal Auto,2026-02-26,2026-03-10,,Open
CLM-50635,CC-286572,POL-10062,General Liability,2026-03-24,2026-04-01,,Open
CLM-50636,CC-310416,POL-10452,Personal Auto,2025-06-26,2025-06-28,,Open
CLM-50637,CC-615959,POL-10625,Commercial Property,2025-07-08,2025-07-20,2025-10-15,Closed
CLM-50638,CC-906048,POL-10112,Personal Auto,2025-06-09,2025-06-13,,Under Investigation
CLM-50639,CC-774588,POL-10442,Personal Auto,2025-12-01,2025-12-07,,Under Investigation
CLM-50640,CC-371577,POL-10109,Homeowners,2025-07-13,2025-07-27,,Under Investigation
CLM-50641,CC-699098,POL-10106,Commercial Property,2025-07-08,2025-07-09,2025-07-23,Closed
CLM-50642,CC-119676,POL-10746,Personal Auto,2025-10-20,2025-10-28,,Open
CLM-50643,CC-771440,POL-10919,Homeowners,2025-05-21,2025-06-05,2025-09-01,Closed
CLM-50644,CC-509451,POL-10001,Personal Auto,2025-07-16,2025-07-17,,Under Investigation
CLM-50645,CC-445852,POL-10273,Personal Auto,2025-08-29,2025-09-02,,Under Investigation
CLM-50646,CC-103883,POL-10927,Commercial Property,2025-08-31,2025-09-12,,Under Investigation
CLM-50647,CC-557239,POL-10528,Homeowners,2025-01-21,2025-02-05,,Open
CLM-50648,CC-336817,POL-10414,General Liability,2025-09-12,2025-09-14,,Under Investigation
CLM-50649,CC-957710,POL-10004,Commercial Property,2024-12-29,2025-01-10,,Under Investigation
CLM-50650,CC-661307,POL-10799,Homeowners,2025-06-12,2025-06-27,2025-09-12,Closed
CLM-50651,CC-814956,POL-10958,General Liability,2025-09-21,2025-10-02,,Open
CLM-50652,CC-778506,POL-10311,Commercial Property,2025-10-28,2025-11-09,2026-02-02,Closed
CLM-50653,CC-994794,POL-10093,General Liability,2026-03-02,2026-03-13,,Under Investigation
CLM-50654,CC-897392,POL-10984,Homeowners,2025-07-24,2025-08-03,2025-10-05,Closed
CLM-50655,CC-312987,POL-10785,Personal Auto,2025-05-25,2025-06-03,,Under Investigation
CLM-50656,CC-792829,POL-10181,Homeowners,2025-11-03,2025-11-04,,Open
CLM-50657,CC-509054,POL-10196,Commercial Property,2025-10-12,2025-10-21,,Under Investigation
CLM-50658,CC-822303,POL-10918,Commercial Property,2025-04-03,2025-04-06,,Under Investigation
CLM-50659,CC-559259,POL-10368,Commercial Property,2026-04-07,2026-04-22,2026-07-16,Closed
CLM-50660,CC-302472,POL-10753,Personal Auto,2025-07-09,2025-07-15,2025-07-24,Closed
CLM-50661,CC-507652,POL-10026,Homeowners,2025-11-29,2025-12-06,,Open
CLM-50662,CC-659876,POL-10065,Homeowners,2025-09-01,2025-09-10,,Open
CLM-50663,CC-455766,POL-10989,Homeowners,2025-09-14,2025-09-28,2025-10-07,Closed
CLM-50664,CC-144894,POL-10058,Personal Auto,2025-05-23,2025-06-02,,Under Investigation
CLM-50665,CC-799731,POL-10416,Personal Auto,2025-02-16,2025-02-19,2025-05-18,Closed
CLM-50666,CC-662625,POL-10536,Personal Auto,2026-04-05,2026-04-19,,Under Investigation
CLM-50667,CC-871185,POL-10153,Personal Auto,2025-09-13,2025-09-20,2025-09-29,Closed
CLM-50668,CC-119989,POL-10145,General Liability,2025-07-03,2025-07-18,,Under Investigation
CLM-50669,CC-236878,POL-10483,Commercial Property,2025-07-01,2025-07-02,2025-09-28,Closed
CLM-50670,CC-152384,POL-10015,Homeowners,2026-02-09,2026-02-14,,Under Investigation
CLM-50671,CC-740916,POL-10927,Commercial Property,2025-06-25,2025-07-04,2025-09-05,Closed
CLM-50672,CC-621292,POL-10175,Commercial Property,2026-04-20,2026-04-22,2026-05-11,Closed
CLM-50673,CC-546915,POL-10610,General Liability,2025-07-23,2025-07-30,2025-08-29,Closed
CLM-50674,CC-226670,POL-10346,Homeowners,2026-03-28,2026-04-09,,Open
CLM-50675,CC-977057,POL-11000,Homeowners,2025-10-31,2025-11-04,,Open
CLM-50676,CC-281873,POL-10988,Personal Auto,2025-06-06,2025-06-12,2025-08-31,Closed
CLM-50677,CC-248097,POL-10344,Homeowners,2025-05-17,2025-05-19,2025-06-28,Closed
CLM-50678,CC-680290,POL-10776,Homeowners,2024-11-25,2024-12-08,2025-01-29,Closed
CLM-50679,CC-142675,POL-10169,Homeowners,2025-05-18,2025-06-01,2025-08-19,Closed
CLM-50680,CC-742191,POL-10137,Homeowners,2024-10-02,2024-10-05,,Under Investigation
CLM-50681,CC-184643,POL-10386,General Liability,2025-05-30,2025-06-04,2025-08-10,Closed
CLM-50682,CC-841071,POL-10007,Commercial Property,2026-04-08,2026-04-08,2026-04-24,Closed
CLM-50683,CC-827191,POL-10668,General Liability,2025-02-12,2025-02-21,,Open
CLM-50684,CC-233056,POL-10827,Commercial Property,2025-08-21,2025-09-05,,Under Investigation
CLM-50685,CC-384111,POL-10212,Personal Auto,2026-01-28,2026-02-01,,Under Investigation
CLM-50686,CC-350875,POL-10536,Personal Auto,2025-06-30,2025-07-14,,Open
CLM-50687,CC-825272,POL-10961,Homeowners,2026-04-04,2026-04-09,,Under Investigation
CLM-50688,CC-624170,POL-10039,Personal Auto,2025-11-12,2025-11-17,,Under Investigation
CLM-50689,CC-966630,POL-10627,General Liability,2025-08-04,2025-08-06,,Under Investigation
CLM-50690,CC-539128,POL-10802,Personal Auto,2025-03-31,2025-04-09,,Open
CLM-50691,CC-655953,POL-10005,Commercial Property,2026-04-14,2026-04-21,2026-05-11,Closed
CLM-50692,CC-632195,POL-10098,General Liability,2025-11-23,2025-12-04,,Under Investigation
CLM-50693,CC-791354,POL-10225,Personal Auto,2024-11-12,2024-11-26,,Under Investigation
CLM-50694,CC-218152,POL-10214,Homeowners,2025-07-17,2025-07-25,2025-08-23,Closed
CLM-50695,CC-984769,POL-10816,Commercial Property,2025-05-06,2025-05-10,,Under Investigation
CLM-50696,CC-284888,POL-10992,Personal Auto,2024-10-03,2024-10-18,,Open
CLM-50697,CC-481884,POL-10164,General Liability,2025-08-27,2025-08-28,2025-11-23,Closed
CLM-50698,CC-363592,POL-10292,Homeowners,2025-09-18,2025-09-24,,Open
CLM-50699,CC-876383,POL-10343,Personal Auto,2025-02-08,2025-02-22,2025-03-12,Closed
CLM-50700,CC-608623,POL-10054,Personal Auto,2026-01-01,2026-01-06,2026-01-14,Closed
CLM-50701,CC-856445,POL-10528,Homeowners,2025-06-01,2025-06-04,2025-07-09,Closed
CLM-50702,CC-308405,POL-10456,General Liability,2025-10-06,2025-10-16,,Open
CLM-50703,CC-441974,POL-10766,Commercial Property,2025-11-12,2025-11-22,2025-12-11,Closed
CLM-50704,CC-309668,POL-10234,Personal Auto,2025-11-24,2025-11-27,2026-01-23,Closed
CLM-50705,CC-713513,POL-10385,Commercial Property,2025-03-05,2025-03-12,2025-05-16,Closed
CLM-50706,CC-251981,POL-10497,Commercial Property,2026-01-02,2026-01-03,,Open
CLM-50707,CC-491627,POL-10222,Commercial Property,2025-12-05,2025-12-19,2026-02-11,Closed
CLM-50708,CC-303586,POL-10140,Homeowners,2025-01-14,2025-01-28,,Under Investigation
CLM-50709,CC-312033,POL-10648,Homeowners,2025-07-09,2025-07-20,,Open
CLM-50710,CC-162549,POL-10344,Homeowners,2025-08-19,2025-08-23,2025-11-08,Closed
CLM-50711,CC-580854,POL-10288,Commercial Property,2025-03-27,2025-03-31,2025-06-03,Closed
CLM-50712,CC-330533,POL-10429,Personal Auto,2026-01-26,2026-01-31,,Open
CLM-50713,CC-264404,POL-10908,Homeowners,2025-08-27,2025-09-05,,Under Investigation
CLM-50714,CC-679606,POL-10809,Personal Auto,2025-12-23,2025-12-28,,Under Investigation
CLM-50715,CC-998602,POL-10876,General Liability,2025-08-07,2025-08-14,2025-10-10,Closed
CLM-50716,CC-596489,POL-10535,Homeowners,2025-12-25,2026-01-09,2026-03-30,Closed
CLM-50717,CC-115208,POL-10858,Homeowners,2026-01-09,2026-01-23,,Open
CLM-50718,CC-358635,POL-10748,General Liability,2025-09-29,2025-10-12,,Under Investigation
CLM-50719,CC-707615,POL-10254,Homeowners,2025-11-12,2025-11-22,,Open
CLM-50720,CC-105324,POL-10228,Homeowners,2026-03-10,2026-03-14,,Under Investigation
CLM-50721,CC-869105,POL-10428,General Liability,2025-04-22,2025-04-23,2025-06-27,Closed
CLM-50722,CC-656921,POL-10788,Commercial Property,2024-11-17,2024-11-18,,Open
CLM-50723,CC-961186,POL-10404,Homeowners,2025-12-26,2026-01-10,,Under Investigation
CLM-50724,CC-352194,POL-10101,Commercial Property,2025-08-03,2025-08-17,,Open
CLM-50725,CC-867333,POL-10086,Homeowners,2025-08-12,2025-08-12,,Under Investigation
CLM-50726,CC-410158,POL-10417,Homeowners,2025-08-19,2025-08-25,2025-10-14,Closed
CLM-50727,CC-801534,POL-10245,Commercial Property,2025-05-23,2025-05-25,2025-07-30,Closed
CLM-50728,CC-581592,POL-10313,General Liability,2025-08-01,2025-08-06,,Under Investigation
CLM-50729,CC-586288,POL-10879,Homeowners,2025-05-03,2025-05-03,,Open
CLM-50730,CC-525051,POL-10791,Personal Auto,2025-09-14,2025-09-18,,Under Investigation
CLM-50731,CC-586849,POL-10190,Personal Auto,2025-09-08,2025-09-19,,Under Investigation
CLM-50732,CC-174132,POL-10721,Commercial Property,2025-04-28,2025-04-28,,Under Investigation
CLM-50733,CC-134303,POL-10395,Commercial Property,2025-06-15,2025-06-25,,Under Investigation
CLM-50734,CC-831963,POL-10304,General Liability,2025-05-04,2025-05-17,,Open
CLM-50735,CC-184891,POL-10969,Commercial Property,2025-11-07,2025-11-13,,Under Investigation
CLM-50736,CC-157474,POL-10636,Homeowners,2024-11-14,2024-11-24,,Under Investigation
CLM-50737,CC-501557,POL-10528,Homeowners,2025-10-04,2025-10-15,2025-11-03,Closed
CLM-50738,CC-142859,POL-10375,Homeowners,2025-01-31,2025-02-14,,Under Investigation
CLM-50739,CC-685934,POL-10375,Homeowners,2024-12-28,2025-01-08,2025-04-05,Closed
CLM-50740,CC-843793,POL-10722,Commercial Property,2025-11-20,2025-11-22,,Under Investigation
CLM-50741,CC-350224,POL-10793,General Liability,2025-08-22,2025-08-28,2025-10-14,Closed
CLM-50742,CC-601736,POL-10553,Commercial Property,2025-05-28,2025-05-31,,Under Investigation
CLM-50743,CC-897846,POL-10756,Homeowners,2025-09-05,2025-09-11,,Under Investigation
CLM-50744,CC-380345,POL-10231,Homeowners,2025-06-19,2025-06-29,,Open
CLM-50745,CC-157105,POL-10516,Commercial Property,2026-05-12,2026-05-25,,Open
CLM-50746,CC-574386,POL-10065,Homeowners,2026-04-29,2026-05-10,,Open
CLM-50747,CC-844305,POL-10498,Personal Auto,2025-07-06,2025-07-09,,Open
CLM-50748,CC-751114,POL-10545,Commercial Property,2024-12-25,2025-01-03,,Open
CLM-50749,CC-191549,POL-10377,Homeowners,2025-05-31,2025-06-02,2025-08-04,Closed
CLM-50750,CC-180685,POL-10083,Personal Auto,2025-05-27,2025-06-08,2025-07-19,Closed
CLM-50751,CC-217466,POL-10112,Personal Auto,2025-03-14,2025-03-19,,Open
CLM-50752,CC-257808,POL-10714,Commercial Property,2025-10-09,2025-10-13,,Open
CLM-50753,CC-757746,POL-10896,General Liability,2025-07-09,2025-07-15,,Under Investigation
CLM-50754,CC-815551,POL-10024,General Liability,2025-01-29,2025-02-07,,Open
CLM-50755,CC-463541,POL-10555,General Liability,2025-08-20,2025-08-24,,Open
CLM-50756,CC-776000,POL-10431,General Liability,2025-08-17,2025-08-31,,Under Investigation
CLM-50757,CC-123107,POL-10022,General Liability,2025-08-25,2025-09-03,2025-09-16,Closed
CLM-50758,CC-775987,POL-10893,Commercial Property,2025-03-20,2025-03-27,,Under Investigation
CLM-50759,CC-459443,POL-10344,Homeowners,2025-07-29,2025-08-11,,Under Investigation
CLM-50760,CC-722180,POL-10672,Commercial Property,2026-03-11,2026-03-21,,Open
CLM-50761,CC-418853,POL-10682,General Liability,2025-05-30,2025-06-13,,Open
CLM-50762,CC-280079,POL-10581,Homeowners,2025-07-28,2025-08-01,,Open
CLM-50763,CC-489967,POL-10809,Personal Auto,2025-10-09,2025-10-17,2025-12-22,Closed
CLM-50764,CC-470274,POL-10995,Personal Auto,2025-10-03,2025-10-12,2025-11-04,Closed
CLM-50765,CC-268600,POL-10292,Homeowners,2025-08-17,2025-08-31,2025-11-23,Closed
CLM-50766,CC-980103,POL-10729,General Liability,2025-03-17,2025-03-26,2025-04-22,Closed
CLM-50767,CC-222596,POL-10726,General Liability,2025-11-01,2025-11-05,2025-12-10,Closed
CLM-50768,CC-232617,POL-10043,Commercial Property,2025-10-24,2025-11-03,,Under Investigation
CLM-50769,CC-293458,POL-10452,Personal Auto,2025-08-26,2025-09-03,,Open
CLM-50770,CC-432339,POL-10211,Personal Auto,2025-03-01,2025-03-02,,Under Investigation
CLM-50771,CC-570211,POL-10353,Personal Auto,2025-10-03,2025-10-07,,Open
CLM-50772,CC-416208,POL-10553,Commercial Property,2025-06-02,2025-06-07,,Under Investigation
CLM-50773,CC-623676,POL-10125,General Liability,2024-12-05,2024-12-05,,Open
CLM-50774,CC-435772,POL-10787,Commercial Property,2025-12-09,2025-12-13,,Open
CLM-50775,CC-672675,POL-10160,Homeowners,2025-10-06,2025-10-06,,Under Investigation
CLM-50776,CC-839719,POL-11000,Homeowners,2026-04-06,2026-04-16,,Under Investigation
CLM-50777,CC-890795,POL-10303,Personal Auto,2025-09-19,2025-10-04,,Open
CLM-50778,CC-863933,POL-10588,Homeowners,2025-05-05,2025-05-09,,Under Investigation
CLM-50779,CC-822622,POL-10929,Commercial Property,2026-01-07,2026-01-21,,Open
CLM-50780,CC-810943,POL-10116,General Liability,2025-11-10,2025-11-25,2025-12-17,Closed
CLM-50781,CC-126000,POL-10565,Homeowners,2026-06-10,2026-06-13,,Open
CLM-50782,CC-474754,POL-10412,Personal Auto,2026-03-07,2026-03-14,,Open
CLM-50783,CC-772465,POL-10095,Homeowners,2025-08-18,2025-08-28,2025-11-18,Closed
CLM-50784,CC-305222,POL-10200,Homeowners,2026-04-02,2026-04-09,,Open
CLM-50785,CC-990714,POL-10024,General Liability,2025-01-21,2025-01-23,,Under Investigation
CLM-50786,CC-513583,POL-10457,General Liability,2025-08-30,2025-09-01,,Under Investigation
CLM-50787,CC-732471,POL-10200,Homeowners,2026-02-28,2026-03-15,,Open
CLM-50788,CC-478603,POL-10620,Commercial Property,2025-03-24,2025-03-25,,Under Investigation
CLM-50789,CC-995278,POL-10408,Personal Auto,2025-07-27,2025-07-31,,Under Investigation
CLM-50790,CC-490941,POL-10438,Homeowners,2025-09-18,2025-09-29,,Open
CLM-50791,CC-468422,POL-10013,Commercial Property,2025-02-11,2025-02-20,,Open
CLM-50792,CC-191853,POL-10316,General Liability,2025-09-11,2025-09-25,,Under Investigation
CLM-50793,CC-535798,POL-10221,General Liability,2026-02-12,2026-02-26,,Under Investigation
CLM-50794,CC-271746,POL-10823,Homeowners,2026-03-17,2026-03-31,,Open
CLM-50795,CC-534313,POL-10826,Homeowners,2025-10-20,2025-11-02,,Under Investigation
CLM-50796,CC-417960,POL-10143,Commercial Property,2025-01-05,2025-01-07,2025-02-07,Closed
CLM-50797,CC-892843,POL-10487,Homeowners,2025-08-23,2025-09-02,2025-11-21,Closed
CLM-50798,CC-769836,POL-10385,Commercial Property,2025-08-07,2025-08-09,2025-10-05,Closed
CLM-50799,CC-283388,POL-10937,Homeowners,2025-05-20,2025-05-28,,Open
CLM-50800,CC-695503,POL-10570,Commercial Property,2026-02-09,2026-02-23,,Under Investigation
CLM-50801,CC-972712,POL-10774,Homeowners,2025-09-10,2025-09-14,2025-10-12,Closed
CLM-50802,CC-614416,POL-10391,Personal Auto,2026-02-24,2026-03-05,,Under Investigation
CLM-50803,CC-418677,POL-10044,General Liability,2024-12-14,2024-12-23,,Under Investigation
CLM-50804,CC-929653,POL-10506,Homeowners,2025-08-31,2025-09-14,2025-09-22,Closed
CLM-50805,CC-414750,POL-10003,Personal Auto,2025-08-08,2025-08-12,,Open
CLM-50806,CC-798260,POL-10979,Personal Auto,2025-01-06,2025-01-21,2025-04-19,Closed
CLM-50807,CC-288085,POL-10915,Homeowners,2025-12-27,2026-01-05,,Open
CLM-50808,CC-901865,POL-10504,Commercial Property,2025-03-07,2025-03-14,2025-04-03,Closed
CLM-50809,CC-881782,POL-10284,Commercial Property,2025-06-04,2025-06-19,2025-09-08,Closed
CLM-50810,CC-557250,POL-10371,Commercial Property,2026-01-29,2026-02-13,,Under Investigation
CLM-50811,CC-819231,POL-10890,General Liability,2025-08-09,2025-08-17,,Under Investigation
CLM-50812,CC-637422,POL-10488,Commercial Property,2026-04-17,2026-04-20,,Open
CLM-50813,CC-270757,POL-10751,Homeowners,2025-10-23,2025-10-23,,Open
CLM-50814,CC-583439,POL-10596,Commercial Property,2025-12-20,2025-12-21,2026-02-04,Closed
CLM-50815,CC-271241,POL-10900,General Liability,2025-05-20,2025-05-24,,Open
CLM-50816,CC-539892,POL-10055,Commercial Property,2026-03-22,2026-03-30,,Open
CLM-50817,CC-405831,POL-10652,Commercial Property,2024-12-25,2025-01-05,2025-02-16,Closed
CLM-50818,CC-303229,POL-10543,Homeowners,2025-05-13,2025-05-15,,Under Investigation
CLM-50819,CC-889188,POL-10785,Personal Auto,2025-10-16,2025-10-21,2026-01-10,Closed
CLM-50820,CC-966985,POL-10172,Commercial Property,2025-04-09,2025-04-19,,Open
CLM-50821,CC-818739,POL-10866,General Liability,2025-12-24,2026-01-02,,Open
CLM-50822,CC-708222,POL-10715,Personal Auto,2025-08-22,2025-09-02,2025-11-14,Closed
CLM-50823,CC-643341,POL-10361,General Liability,2026-01-22,2026-01-26,2026-02-17,Closed
CLM-50824,CC-532007,POL-10289,Personal Auto,2025-12-20,2025-12-31,,Open
CLM-50825,CC-262062,POL-10349,General Liability,2026-03-02,2026-03-07,2026-04-08,Closed
CLM-50826,CC-743226,POL-10516,Commercial Property,2025-08-13,2025-08-20,2025-11-04,Closed
CLM-50827,CC-582860,POL-10707,Personal Auto,2026-03-30,2026-04-02,,Open
CLM-50828,CC-118223,POL-10939,Personal Auto,2025-08-14,2025-08-16,2025-09-06,Closed
CLM-50829,CC-824619,POL-10492,General Liability,2025-10-01,2025-10-12,,Open
CLM-50830,CC-726680,POL-10372,Commercial Property,2026-04-29,2026-05-03,,Open
CLM-50831,CC-130156,POL-10536,Personal Auto,2025-10-09,2025-10-19,2025-12-01,Closed
CLM-50832,CC-998435,POL-10763,Commercial Property,2025-11-12,2025-11-15,2025-12-06,Closed
CLM-50833,CC-337580,POL-10711,General Liability,2026-03-27,2026-03-31,,Under Investigation
CLM-50834,CC-182423,POL-10315,General Liability,2026-05-09,2026-05-13,2026-06-03,Closed
CLM-50835,CC-912323,POL-10436,Commercial Property,2025-08-03,2025-08-06,2025-08-13,Closed
CLM-50836,CC-213054,POL-10496,Homeowners,2026-03-02,2026-03-15,2026-04-14,Closed
CLM-50837,CC-224698,POL-10034,General Liability,2025-08-05,2025-08-06,,Open
CLM-50838,CC-416298,POL-10931,Homeowners,2025-06-22,2025-06-30,2025-07-13,Closed
CLM-50839,CC-731024,POL-10684,Homeowners,2024-10-17,2024-10-17,2024-11-06,Closed
CLM-50840,CC-468609,POL-10211,Personal Auto,2025-11-09,2025-11-15,2026-02-13,Closed
CLM-50841,CC-707913,POL-10030,Personal Auto,2025-07-01,2025-07-03,2025-08-12,Closed
CLM-50842,CC-918730,POL-10357,Homeowners,2026-07-25,2026-08-05,2026-10-13,Closed
CLM-50843,CC-697935,POL-10747,General Liability,2025-12-19,2025-12-26,,Under Investigation
CLM-50844,CC-900319,POL-10070,General Liability,2025-05-16,2025-05-19,,Under Investigation
CLM-50845,CC-300852,POL-10015,Homeowners,2026-03-14,2026-03-20,,Under Investigation
CLM-50846,CC-104539,POL-10988,Personal Auto,2025-11-17,2025-11-26,2026-02-07,Closed
CLM-50847,CC-992649,POL-10997,Commercial Property,2025-06-13,2025-06-16,2025-08-24,Closed
CLM-50848,CC-832045,POL-10725,Personal Auto,2025-10-03,2025-10-18,,Open
CLM-50849,CC-806242,POL-10604,General Liability,2025-06-25,2025-06-30,,Open
CLM-50850,CC-498055,POL-10981,General Liability,2024-11-14,2024-11-17,2025-01-06,Closed
CLM-50851,CC-338607,POL-10435,Personal Auto,2025-08-03,2025-08-09,,Under Investigation
CLM-50852,CC-229620,POL-10418,Personal Auto,2025-05-05,2025-05-08,,Open
CLM-50853,CC-242514,POL-10478,Homeowners,2025-06-28,2025-07-01,,Under Investigation
CLM-50854,CC-402274,POL-10508,Personal Auto,2025-10-22,2025-11-02,,Under Investigation
CLM-50855,CC-617695,POL-10571,General Liability,2026-02-09,2026-02-10,2026-03-28,Closed
CLM-50856,CC-579142,POL-10119,Personal Auto,2025-10-15,2025-10-27,,Open
CLM-50857,CC-981946,POL-10615,Homeowners,2025-11-24,2025-12-03,,Under Investigation
CLM-50858,CC-527066,POL-10455,Commercial Property,2025-01-13,2025-01-20,,Under Investigation
CLM-50859,CC-981913,POL-10298,General Liability,2025-06-23,2025-07-06,2025-07-19,Closed
CLM-50860,CC-485290,POL-10822,Personal Auto,2025-11-22,2025-12-07,,Under Investigation
CLM-50861,CC-615530,POL-10184,Personal Auto,2025-07-14,2025-07-14,,Under Investigation
CLM-50862,CC-559337,POL-10689,Commercial Property,2025-05-11,2025-05-14,,Open
CLM-50863,CC-513989,POL-10536,Personal Auto,2025-06-18,2025-06-20,2025-07-13,Closed
CLM-50864,CC-276919,POL-10411,Homeowners,2026-02-05,2026-02-08,,Under Investigation
CLM-50865,CC-309991,POL-10067,Personal Auto,2025-01-09,2025-01-20,2025-03-09,Closed
CLM-50866,CC-978821,POL-10610,General Liability,2024-12-21,2025-01-02,2025-02-05,Closed
CLM-50867,CC-901968,POL-10435,Personal Auto,2025-06-15,2025-06-30,,Open
CLM-50868,CC-519677,POL-10731,Commercial Property,2025-04-30,2025-05-08,,Under Investigation
CLM-50869,CC-732464,POL-10365,Personal Auto,2025-04-04,2025-04-19,,Under Investigation
CLM-50870,CC-636256,POL-10973,Homeowners,2025-09-01,2025-09-13,,Open
CLM-50871,CC-213284,POL-10286,Commercial Property,2026-04-09,2026-04-13,,Open
CLM-50872,CC-621429,POL-10126,Homeowners,2025-11-21,2025-11-29,,Open
CLM-50873,CC-873637,POL-10237,Homeowners,2025-10-20,2025-10-24,2025-11-10,Closed
CLM-50874,CC-811047,POL-10055,Commercial Property,2025-12-24,2025-12-26,,Open
CLM-50875,CC-733952,POL-10028,Personal Auto,2024-09-20,2024-09-25,,Open
CLM-50876,CC-752179,POL-10696,Commercial Property,2025-11-21,2025-12-01,2026-01-13,Closed
CLM-50877,CC-888119,POL-10639,General Liability,2025-11-01,2025-11-04,2026-02-01,Closed
CLM-50878,CC-311740,POL-10533,Commercial Property,2025-03-27,2025-04-11,,Open
CLM-50879,CC-629315,POL-10301,Commercial Property,2025-08-19,2025-09-03,,Open
CLM-50880,CC-673172,POL-10268,Personal Auto,2025-11-26,2025-12-06,,Under Investigation
CLM-50881,CC-224921,POL-10019,Commercial Property,2025-10-28,2025-10-29,,Open
CLM-50882,CC-994303,POL-10393,Personal Auto,2025-05-31,2025-06-14,,Open
CLM-50883,CC-137728,POL-10386,General Liability,2025-10-19,2025-11-02,,Open
CLM-50884,CC-791442,POL-10034,General Liability,2026-04-15,2026-04-20,,Under Investigation
CLM-50885,CC-272117,POL-10882,General Liability,2025-03-06,2025-03-15,,Under Investigation
CLM-50886,CC-850490,POL-10504,Commercial Property,2025-04-17,2025-04-30,2025-06-13,Closed
CLM-50887,CC-807814,POL-10399,General Liability,2026-03-07,2026-03-22,2026-06-07,Closed
CLM-50888,CC-689567,POL-10503,General Liability,2025-04-19,2025-05-04,,Open
CLM-50889,CC-158444,POL-10875,Commercial Property,2026-02-04,2026-02-09,,Under Investigation
CLM-50890,CC-719755,POL-10401,Commercial Property,2025-04-09,2025-04-17,,Open
CLM-50891,CC-809348,POL-10995,Personal Auto,2025-09-11,2025-09-23,,Under Investigation
CLM-50892,CC-164407,POL-10362,Homeowners,2025-01-28,2025-02-06,,Open
CLM-50893,CC-465823,POL-10029,General Liability,2026-03-16,2026-03-17,2026-05-07,Closed
CLM-50894,CC-457833,POL-10829,Personal Auto,2025-10-22,2025-10-22,,Under Investigation
CLM-50895,CC-461908,POL-10390,Homeowners,2025-09-14,2025-09-17,,Open
CLM-50896,CC-159191,POL-10366,Personal Auto,2025-09-26,2025-10-09,,Open
CLM-50897,CC-779564,POL-10678,Homeowners,2026-01-10,2026-01-17,2026-02-21,Closed
CLM-50898,CC-168681,POL-10320,General Liability,2026-01-29,2026-01-31,,Under Investigation
CLM-50899,CC-278026,POL-10890,General Liability,2025-11-11,2025-11-20,2026-01-07,Closed
CLM-50900,CC-789719,POL-10021,Homeowners,2025-08-20,2025-08-30,2025-11-01,Closed
CLM-50901,CC-639764,POL-10885,Personal Auto,2025-10-04,2025-10-17,,Under Investigation
CLM-50902,CC-121393,POL-10924,Commercial Property,2026-04-08,2026-04-21,,Open
CLM-50903,CC-123316,POL-10713,Commercial Property,2026-06-05,2026-06-20,,Under Investigation
CLM-50904,CC-509260,POL-10325,Homeowners,2024-09-19,2024-10-01,,Under Investigation
CLM-50905,CC-204917,POL-10331,General Liability,2025-11-13,2025-11-16,,Open
CLM-50906,CC-620860,POL-10708,Homeowners,2025-11-18,2025-11-24,,Open
CLM-50907,CC-414070,POL-10515,Homeowners,2025-06-10,2025-06-20,2025-09-11,Closed
CLM-50908,CC-766311,POL-10373,Commercial Property,2025-11-30,2025-12-13,2026-02-19,Closed
CLM-50909,CC-324479,POL-10868,General Liability,2025-01-17,2025-01-19,,Under Investigation
CLM-50910,CC-701380,POL-10295,Homeowners,2025-11-24,2025-12-02,2026-01-14,Closed
CLM-50911,CC-878974,POL-10412,Personal Auto,2025-11-13,2025-11-20,,Under Investigation
CLM-50912,CC-985194,POL-10981,General Liability,2025-04-13,2025-04-15,,Under Investigation
CLM-50913,CC-453200,POL-10593,Personal Auto,2024-12-21,2024-12-24,,Under Investigation
CLM-50914,CC-940104,POL-10280,General Liability,2025-07-17,2025-07-19,,Under Investigation
CLM-50915,CC-319927,POL-10544,Homeowners,2025-02-26,2025-03-13,,Open
CLM-50916,CC-963752,POL-10356,Commercial Property,2024-11-27,2024-11-29,,Under Investigation
CLM-50917,CC-795684,POL-10310,General Liability,2025-09-04,2025-09-13,,Open
CLM-50918,CC-521843,POL-10553,Commercial Property,2025-04-18,2025-04-28,2025-06-25,Closed
CLM-50919,CC-900527,POL-10258,Commercial Property,2024-11-30,2024-12-14,,Under Investigation
CLM-50920,CC-837496,POL-10561,Homeowners,2025-07-20,2025-07-25,2025-10-18,Closed
CLM-50921,CC-623452,POL-10529,General Liability,2025-06-10,2025-06-15,,Under Investigation
CLM-50922,CC-768914,POL-10219,Homeowners,2025-03-21,2025-04-04,,Open
CLM-50923,CC-861911,POL-10546,Homeowners,2025-10-20,2025-11-02,,Under Investigation
CLM-50924,CC-310394,POL-10642,Homeowners,2025-08-14,2025-08-15,,Under Investigation
CLM-50925,CC-257782,POL-10374,Homeowners,2025-05-04,2025-05-18,2025-06-22,Closed
CLM-50926,CC-530189,POL-10765,Commercial Property,2025-08-15,2025-08-24,,Open
CLM-50927,CC-313446,POL-10327,General Liability,2025-10-01,2025-10-03,,Under Investigation
CLM-50928,CC-963723,POL-10867,Personal Auto,2025-08-17,2025-08-30,,Open
CLM-50929,CC-820219,POL-10294,General Liability,2025-04-08,2025-04-13,,Open
CLM-50930,CC-350067,POL-10616,Commercial Property,2025-11-08,2025-11-15,,Open
CLM-50931,CC-357516,POL-10117,General Liability,2025-08-27,2025-08-31,2025-09-08,Closed
CLM-50932,CC-608960,POL-10817,Personal Auto,2025-12-19,2025-12-28,,Open
CLM-50933,CC-778346,POL-10574,General Liability,2025-08-15,2025-08-28,,Open
CLM-50934,CC-385959,POL-10928,Commercial Property,2025-07-14,2025-07-15,2025-08-09,Closed
CLM-50935,CC-928028,POL-10140,Homeowners,2024-10-20,2024-10-20,,Open
CLM-50936,CC-677457,POL-10823,Homeowners,2026-04-08,2026-04-16,,Under Investigation
CLM-50937,CC-609442,POL-10181,Homeowners,2026-04-11,2026-04-12,,Under Investigation
CLM-50938,CC-429153,POL-10802,Personal Auto,2024-12-23,2024-12-23,2025-01-07,Closed
CLM-50939,CC-481088,POL-10617,Homeowners,2026-04-16,2026-04-25,2026-06-21,Closed
CLM-50940,CC-980605,POL-10688,General Liability,2024-12-07,2024-12-09,,Open
CLM-50941,CC-698708,POL-10742,Personal Auto,2025-11-17,2025-11-21,2025-12-10,Closed
CLM-50942,CC-796482,POL-10753,Personal Auto,2025-10-13,2025-10-16,,Under Investigation
CLM-50943,CC-194632,POL-10849,General Liability,2026-02-04,2026-02-12,,Open
CLM-50944,CC-445281,POL-10244,General Liability,2026-07-11,2026-07-14,,Open
CLM-50945,CC-880097,POL-10853,General Liability,2025-04-28,2025-05-10,,Under Investigation
CLM-50946,CC-212002,POL-10242,Personal Auto,2025-08-13,2025-08-26,2025-09-18,Closed
CLM-50947,CC-560823,POL-10180,General Liability,2026-01-26,2026-02-01,,Open
CLM-50948,CC-158642,POL-10419,Commercial Property,2025-11-04,2025-11-12,,Under Investigation
CLM-50949,CC-218448,POL-10503,General Liability,2025-11-15,2025-11-26,,Under Investigation
CLM-50950,CC-815903,POL-10325,Homeowners,2025-07-17,2025-07-30,,Open
CLM-50951,CC-598306,POL-10253,General Liability,2025-01-22,2025-01-30,2025-03-22,Closed
CLM-50952,CC-122097,POL-10733,General Liability,2026-03-18,2026-03-29,,Open
CLM-50953,CC-794391,POL-10661,Homeowners,2025-11-01,2025-11-02,,Under Investigation
CLM-50954,CC-927119,POL-10819,General Liability,2025-11-22,2025-11-23,,Under Investigation
CLM-50955,CC-679577,POL-10688,General Liability,2025-07-22,2025-07-29,,Open
CLM-50956,CC-834649,POL-10394,Commercial Property,2025-07-03,2025-07-12,,Under Investigation
CLM-50957,CC-347864,POL-10372,Commercial Property,2025-07-05,2025-07-08,,Under Investigation
CLM-50958,CC-108248,POL-10879,Homeowners,2025-04-17,2025-05-01,,Open
CLM-50959,CC-415504,POL-10932,Homeowners,2025-11-20,2025-12-02,,Open
CLM-50960,CC-320606,POL-10093,General Liability,2026-02-17,2026-02-24,,Open
CLM-50961,CC-762021,POL-10881,Commercial Property,2025-02-01,2025-02-06,,Open
CLM-50962,CC-183985,POL-10325,Homeowners,2024-08-22,2024-09-04,2024-10-14,Closed
CLM-50963,CC-872739,POL-10843,Personal Auto,2025-04-14,2025-04-29,,Open
CLM-50964,CC-542882,POL-10423,Homeowners,2025-02-06,2025-02-16,,Under Investigation
CLM-50965,CC-630930,POL-10898,Homeowners,2025-07-09,2025-07-12,2025-08-19,Closed
CLM-50966,CC-731364,POL-10068,Homeowners,2025-03-09,2025-03-20,,Open
CLM-50967,CC-828980,POL-10747,General Liability,2025-12-15,2025-12-25,,Open
CLM-50968,CC-772758,POL-10029,General Liability,2026-04-13,2026-04-14,,Under Investigation
CLM-50969,CC-242703,POL-10189,Homeowners,2025-01-18,2025-02-01,,Under Investigation
CLM-50970,CC-420389,POL-10004,Commercial Property,2025-03-07,2025-03-19,2025-06-12,Closed
CLM-50971,CC-361728,POL-10322,Personal Auto,2025-11-11,2025-11-13,2025-12-08,Closed
CLM-50972,CC-819064,POL-10529,General Liability,2025-07-27,2025-07-31,,Under Investigation
CLM-50973,CC-601602,POL-10421,General Liability,2025-10-01,2025-10-11,,Open
CLM-50974,CC-281905,POL-10895,Personal Auto,2024-12-03,2024-12-07,,Open
CLM-50975,CC-308314,POL-10704,Commercial Property,2025-06-29,2025-07-09,,Open
CLM-50976,CC-290724,POL-10087,Commercial Property,2026-01-11,2026-01-24,,Open
CLM-50977,CC-335391,POL-10403,Homeowners,2025-11-06,2025-11-18,,Under Investigation
CLM-50978,CC-778540,POL-10022,General Liability,2026-03-11,2026-03-11,,Under Investigation
CLM-50979,CC-307897,POL-10627,General Liability,2024-10-23,2024-10-30,2025-01-02,Closed
CLM-50980,CC-748024,POL-10269,General Liability,2025-06-21,2025-06-26,2025-08-21,Closed
CLM-50981,CC-485792,POL-10440,Homeowners,2025-07-06,2025-07-14,2025-07-30,Closed
CLM-50982,CC-556297,POL-10175,Commercial Property,2025-06-14,2025-06-17,2025-08-28,Closed
CLM-50983,CC-618152,POL-10792,Homeowners,2025-09-19,2025-10-03,,Under Investigation
CLM-50984,CC-313013,POL-10122,Personal Auto,2025-11-07,2025-11-14,,Under Investigation
CLM-50985,CC-882702,POL-10196,Commercial Property,2025-07-09,2025-07-17,,Open
CLM-50986,CC-997935,POL-10507,General Liability,2025-06-27,2025-07-09,2025-09-07,Closed
CLM-50987,CC-862008,POL-10212,Personal Auto,2025-10-18,2025-10-24,,Open
CLM-50988,CC-289131,POL-10694,Personal Auto,2025-10-08,2025-10-14,,Open
CLM-50989,CC-374516,POL-10419,Commercial Property,2025-09-05,2025-09-09,2025-10-21,Closed
CLM-50990,CC-711218,POL-10242,Personal Auto,2026-01-22,2026-02-05,2026-03-29,Closed
CLM-50991,CC-591658,POL-10701,Personal Auto,2025-04-25,2025-05-09,2025-05-15,Closed
CLM-50992,CC-516866,POL-10137,Homeowners,2025-03-08,2025-03-18,,Under Investigation
CLM-50993,CC-502124,POL-10704,Commercial Property,2024-12-21,2024-12-27,,Under Investigation
CLM-50994,CC-726205,POL-10726,General Liability,2026-06-04,2026-06-17,,Under Investigation
CLM-50995,CC-161606,POL-10263,Commercial Property,2025-09-17,2025-09-19,2025-12-04,Closed
CLM-50996,CC-471512,POL-10054,Personal Auto,2025-11-12,2025-11-22,2026-01-26,Closed
CLM-50997,CC-629050,POL-10621,Homeowners,2025-06-17,2025-06-18,2025-07-25,Closed
CLM-50998,CC-513869,POL-10635,Commercial Property,2025-06-23,2025-07-05,,Open
CLM-50999,CC-143122,POL-10688,General Liability,2025-03-23,2025-04-03,2025-06-18,Closed
CLM-51000,CC-278117,POL-10595,Personal Auto,2025-04-03,2025-04-08,,Open
CLM-51001,CC-590822,POL-10516,Commercial Property,2025-08-02,2025-08-17,,Open
CLM-51002,CC-844756,POL-10136,Homeowners,2025-10-03,2025-10-05,,Open
CLM-51003,CC-222517,POL-10544,Homeowners,2024-11-09,2024-11-22,2024-12-30,Closed
CLM-51004,CC-975355,POL-10321,Personal Auto,2025-10-10,2025-10-11,2025-12-18,Closed
CLM-51005,CC-396668,POL-10288,Commercial Property,2024-10-06,2024-10-17,,Open
CLM-51006,CC-969887,POL-10925,Homeowners,2026-03-16,2026-03-24,,Under Investigation
CLM-51007,CC-428215,POL-10780,Personal Auto,2025-08-10,2025-08-18,,Under Investigation
CLM-51008,CC-872663,POL-10447,Personal Auto,2026-03-29,2026-04-03,,Open
CLM-51009,CC-994470,POL-10504,Commercial Property,2025-10-20,2025-10-24,,Under Investigation
CLM-51010,CC-255840,POL-10946,Commercial Property,2025-02-25,2025-03-11,2025-04-09,Closed
CLM-51011,CC-593090,POL-10056,Personal Auto,2025-09-18,2025-09-25,2025-10-04,Closed
CLM-51012,CC-589824,POL-10267,Personal Auto,2026-03-12,2026-03-17,,Under Investigation
CLM-51013,CC-142773,POL-10447,Personal Auto,2026-04-09,2026-04-12,,Open
CLM-51014,CC-688098,POL-10453,General Liability,2025-10-04,2025-10-15,,Under Investigation
CLM-51015,CC-217955,POL-10497,Commercial Property,2025-10-19,2025-11-02,,Open
CLM-51016,CC-198123,POL-10867,Personal Auto,2025-03-23,2025-03-27,2025-05-15,Closed
CLM-51017,CC-886365,POL-10209,Homeowners,2025-05-28,2025-06-06,2025-07-02,Closed
CLM-51018,CC-795350,POL-10521,Commercial Property,2025-10-04,2025-10-12,,Under Investigation
CLM-51019,CC-104326,POL-10600,Personal Auto,2025-12-08,2025-12-14,,Under Investigation
CLM-51020,CC-180567,POL-10539,Commercial Property,2026-02-10,2026-02-15,,Open
CLM-51021,CC-198886,POL-10253,General Liability,2025-02-26,2025-03-13,,Under Investigation
CLM-51022,CC-814407,POL-10909,General Liability,2025-07-05,2025-07-15,2025-08-25,Closed
CLM-51023,CC-491704,POL-10697,Commercial Property,2025-07-28,2025-07-31,,Open
CLM-51024,CC-261245,POL-10605,Commercial Property,2026-01-04,2026-01-07,,Open
CLM-51025,CC-971051,POL-10030,Personal Auto,2026-01-08,2026-01-10,,Open
CLM-51026,CC-758879,POL-10725,Personal Auto,2026-06-23,2026-07-08,,Open
CLM-51027,CC-789969,POL-10979,Personal Auto,2025-06-24,2025-07-02,,Under Investigation
CLM-51028,CC-752596,POL-10006,Commercial Property,2026-04-03,2026-04-13,2026-07-10,Closed
CLM-51029,CC-867080,POL-10974,Homeowners,2026-01-28,2026-02-11,,Open
CLM-51030,CC-940494,POL-10752,Commercial Property,2025-09-18,2025-09-22,2025-10-03,Closed
CLM-51031,CC-936917,POL-10660,Personal Auto,2025-01-01,2025-01-10,,Open
CLM-51032,CC-731548,POL-10057,Personal Auto,2024-12-26,2024-12-28,,Under Investigation
CLM-51033,CC-367558,POL-10391,Personal Auto,2026-02-28,2026-03-02,,Open
CLM-51034,CC-193520,POL-10183,General Liability,2026-07-08,2026-07-15,,Open
CLM-51035,CC-917357,POL-10022,General Liability,2026-02-26,2026-03-04,2026-04-27,Closed
CLM-51036,CC-889114,POL-10413,Commercial Property,2025-05-17,2025-05-26,,Under Investigation
CLM-51037,CC-614688,POL-10978,Personal Auto,2026-04-13,2026-04-17,2026-05-30,Closed
CLM-51038,CC-945522,POL-10821,Personal Auto,2025-08-12,2025-08-25,,Under Investigation
CLM-51039,CC-732829,POL-10944,Personal Auto,2025-08-16,2025-08-25,,Under Investigation
CLM-51040,CC-200780,POL-10135,Personal Auto,2025-05-15,2025-05-26,,Under Investigation
CLM-51041,CC-309580,POL-10853,General Liability,2025-04-13,2025-04-24,,Under Investigation
CLM-51042,CC-599583,POL-10502,Commercial Property,2025-07-05,2025-07-19,,Open
CLM-51043,CC-950389,POL-10275,Commercial Property,2024-12-07,2024-12-20,2025-02-17,Closed
CLM-51044,CC-761322,POL-10378,Commercial Property,2025-09-14,2025-09-19,,Open
CLM-51045,CC-458345,POL-10437,Homeowners,2025-08-01,2025-08-03,2025-10-12,Closed
CLM-51046,CC-335122,POL-10997,Commercial Property,2025-07-16,2025-07-30,,Under Investigation
CLM-51047,CC-652891,POL-10664,General Liability,2025-03-17,2025-03-21,,Open
CLM-51048,CC-590963,POL-10645,Personal Auto,2026-05-07,2026-05-09,,Open
CLM-51049,CC-414985,POL-10448,Commercial Property,2025-06-13,2025-06-15,,Open
CLM-51050,CC-415001,POL-10153,Personal Auto,2026-01-02,2026-01-06,,Under Investigation
CLM-51051,CC-548509,POL-10862,Commercial Property,2025-01-25,2025-02-01,,Under Investigation
CLM-51052,CC-180250,POL-10303,Personal Auto,2026-05-20,2026-05-21,,Under Investigation
CLM-51053,CC-212860,POL-10940,Homeowners,2025-10-30,2025-10-31,,Under Investigation
CLM-51054,CC-199074,POL-10523,Personal Auto,2025-05-18,2025-05-31,,Open
CLM-51055,CC-367240,POL-10476,Homeowners,2026-07-07,2026-07-15,,Open
CLM-51056,CC-117058,POL-10600,Personal Auto,2026-01-14,2026-01-16,,Under Investigation
CLM-51057,CC-983855,POL-10117,General Liability,2025-02-24,2025-03-10,2025-04-07,Closed
CLM-51058,CC-838594,POL-10403,Homeowners,2025-09-08,2025-09-09,2025-11-06,Closed
CLM-51059,CC-859268,POL-10305,Personal Auto,2024-12-18,2024-12-28,,Under Investigation
CLM-51060,CC-947075,POL-10466,Personal Auto,2025-08-31,2025-09-14,,Under Investigation
CLM-51061,CC-294078,POL-10272,Homeowners,2025-06-18,2025-06-28,2025-07-30,Closed
CLM-51062,CC-211495,POL-10081,Commercial Property,2025-12-12,2025-12-20,,Under Investigation
CLM-51063,CC-222346,POL-10445,Personal Auto,2025-11-18,2025-11-18,2026-01-12,Closed
CLM-51064,CC-600296,POL-10014,General Liability,2025-05-05,2025-05-10,,Under Investigation
CLM-51065,CC-880399,POL-10472,Personal Auto,2025-07-07,2025-07-19,,Under Investigation
CLM-51066,CC-748543,POL-10617,Homeowners,2025-08-14,2025-08-29,,Open
CLM-51067,CC-806533,POL-10833,General Liability,2025-08-25,2025-09-05,,Under Investigation
CLM-51068,CC-191892,POL-10987,General Liability,2026-01-20,2026-02-01,,Open
CLM-51069,CC-217348,POL-10129,Commercial Property,2025-08-02,2025-08-06,2025-09-04,Closed
CLM-51070,CC-297364,POL-10836,Commercial Property,2026-01-01,2026-01-01,,Under Investigation
CLM-51071,CC-780130,POL-10880,Homeowners,2025-07-17,2025-07-17,2025-09-21,Closed
CLM-51072,CC-982995,POL-10149,Personal Auto,2025-08-26,2025-09-02,,Open
CLM-51073,CC-907111,POL-10642,Homeowners,2026-01-28,2026-02-03,2026-03-18,Closed
CLM-51074,CC-542372,POL-10475,Personal Auto,2025-05-27,2025-05-31,,Open
CLM-51075,CC-874668,POL-10023,Homeowners,2025-05-14,2025-05-17,2025-06-10,Closed
CLM-51076,CC-594392,POL-10720,Commercial Property,2025-06-04,2025-06-18,,Open
CLM-51077,CC-354415,POL-10021,Homeowners,2025-08-21,2025-09-04,,Under Investigation
CLM-51078,CC-969742,POL-10207,Homeowners,2025-02-27,2025-03-08,,Under Investigation
CLM-51079,CC-108256,POL-10854,General Liability,2025-07-03,2025-07-15,2025-08-31,Closed
CLM-51080,CC-989838,POL-10106,Commercial Property,2026-03-09,2026-03-22,,Open
CLM-51081,CC-519095,POL-10508,Personal Auto,2025-08-26,2025-09-04,2025-11-10,Closed
CLM-51082,CC-653971,POL-10498,Personal Auto,2025-03-12,2025-03-27,2025-04-08,Closed
CLM-51083,CC-431192,POL-10020,Personal Auto,2024-10-08,2024-10-21,,Under Investigation
CLM-51084,CC-779792,POL-10567,Personal Auto,2025-01-17,2025-01-19,,Open
CLM-51085,CC-752944,POL-10428,General Liability,2024-12-30,2025-01-14,2025-03-23,Closed
CLM-51086,CC-831396,POL-10962,Commercial Property,2026-01-11,2026-01-22,,Open
CLM-51087,CC-861485,POL-10447,Personal Auto,2025-10-30,2025-10-30,2025-12-10,Closed
CLM-51088,CC-559392,POL-10197,Commercial Property,2025-10-24,2025-11-08,,Open
CLM-51089,CC-818247,POL-10238,Homeowners,2025-07-16,2025-07-23,,Under Investigation
CLM-51090,CC-858115,POL-10348,General Liability,2025-02-22,2025-03-08,2025-04-19,Closed
CLM-51091,CC-973548,POL-10729,General Liability,2025-06-21,2025-07-03,,Open
CLM-51092,CC-938603,POL-10964,Homeowners,2026-07-08,2026-07-19,,Open
CLM-51093,CC-317273,POL-10995,Personal Auto,2026-03-16,2026-03-21,,Under Investigation
CLM-51094,CC-606346,POL-10290,General Liability,2025-05-18,2025-05-20,,Under Investigation
CLM-51095,CC-735173,POL-10133,General Liability,2025-08-28,2025-09-02,2025-09-27,Closed
CLM-51096,CC-617708,POL-10504,Commercial Property,2025-12-21,2025-12-24,,Open
CLM-51097,CC-149334,POL-10311,Commercial Property,2025-09-05,2025-09-12,2025-11-27,Closed
CLM-51098,CC-474387,POL-10019,Commercial Property,2026-02-20,2026-03-03,,Open
CLM-51099,CC-133522,POL-10694,Personal Auto,2026-01-09,2026-01-14,2026-03-24,Closed
CLM-51100,CC-551538,POL-10827,Commercial Property,2025-07-25,2025-07-27,,Open
CLM-51101,CC-334981,POL-10117,General Liability,2025-06-13,2025-06-20,2025-09-04,Closed
CLM-51102,CC-923012,POL-10499,Homeowners,2025-09-20,2025-09-28,,Open
CLM-51103,CC-380484,POL-10364,Commercial Property,2025-03-07,2025-03-08,,Under Investigation
CLM-51104,CC-640422,POL-10918,Commercial Property,2025-04-07,2025-04-11,,Under Investigation
CLM-51105,CC-152871,POL-10619,General Liability,2026-02-28,2026-03-03,,Under Investigation
CLM-51106,CC-982478,POL-10949,General Liability,2026-07-09,2026-07-23,,Open
CLM-51107,CC-739270,POL-10774,Homeowners,2025-10-30,2025-11-02,2026-01-24,Closed
CLM-51108,CC-144008,POL-10801,Commercial Property,2025-08-28,2025-08-31,,Under Investigation
CLM-51109,CC-223794,POL-10520,Personal Auto,2025-07-24,2025-07-27,2025-10-20,Closed
CLM-51110,CC-264660,POL-10892,Commercial Property,2025-11-16,2025-11-22,,Open
CLM-51111,CC-562965,POL-10746,Personal Auto,2025-10-14,2025-10-23,,Under Investigation
CLM-51112,CC-204117,POL-10781,Homeowners,2026-02-24,2026-03-11,,Under Investigation
CLM-51113,CC-958952,POL-10158,General Liability,2025-03-17,2025-03-28,,Open
CLM-51114,CC-535945,POL-10142,Personal Auto,2025-08-31,2025-09-03,2025-11-03,Closed
CLM-51115,CC-457900,POL-10788,Commercial Property,2025-03-24,2025-03-24,2025-05-28,Closed
CLM-51116,CC-490527,POL-10294,General Liability,2025-06-28,2025-07-03,2025-08-11,Closed
CLM-51117,CC-760016,POL-10733,General Liability,2026-03-12,2026-03-25,,Open
CLM-51118,CC-542207,POL-10681,Homeowners,2025-11-21,2025-11-28,2026-02-08,Closed
CLM-51119,CC-533491,POL-10807,Commercial Property,2025-08-19,2025-08-26,2025-10-24,Closed
CLM-51120,CC-993796,POL-10941,Commercial Property,2025-12-04,2025-12-17,,Open
CLM-51121,CC-252656,POL-10529,General Liability,2024-08-21,2024-09-01,2024-11-01,Closed
CLM-51122,CC-945411,POL-10789,Commercial Property,2025-09-18,2025-09-18,,Under Investigation
CLM-51123,CC-430096,POL-10530,Commercial Property,2024-10-10,2024-10-12,2024-11-29,Closed
CLM-51124,CC-164454,POL-10412,Personal Auto,2025-11-22,2025-11-27,,Open
CLM-51125,CC-772625,POL-10403,Homeowners,2025-05-11,2025-05-12,,Under Investigation
CLM-51126,CC-848022,POL-10155,Commercial Property,2025-09-16,2025-09-17,,Under Investigation
CLM-51127,CC-521530,POL-10819,General Liability,2025-05-16,2025-05-25,,Open
CLM-51128,CC-878774,POL-10908,Homeowners,2026-03-02,2026-03-11,,Under Investigation
CLM-51129,CC-653429,POL-10322,Personal Auto,2026-04-06,2026-04-17,2026-05-27,Closed
CLM-51130,CC-523559,POL-10626,Commercial Property,2026-03-07,2026-03-11,,Under Investigation
CLM-51131,CC-754688,POL-10457,General Liability,2026-04-15,2026-04-21,,Under Investigation
CLM-51132,CC-462021,POL-10808,Commercial Property,2025-01-23,2025-02-06,,Under Investigation
CLM-51133,CC-188374,POL-10909,General Liability,2024-10-03,2024-10-15,2024-11-27,Closed
CLM-51134,CC-860321,POL-10038,Commercial Property,2025-05-18,2025-05-28,,Open
CLM-51135,CC-667059,POL-10737,Homeowners,2025-04-18,2025-04-22,,Under Investigation
CLM-51136,CC-678589,POL-10291,Homeowners,2025-02-21,2025-02-27,2025-05-08,Closed
CLM-51137,CC-267800,POL-10320,General Liability,2026-05-10,2026-05-20,,Under Investigation
CLM-51138,CC-721285,POL-10024,General Liability,2025-01-12,2025-01-12,,Under Investigation
CLM-51139,CC-861800,POL-10265,Homeowners,2025-11-03,2025-11-10,,Open
CLM-51140,CC-162857,POL-10433,Commercial Property,2025-02-28,2025-03-03,,Under Investigation
CLM-51141,CC-757446,POL-10862,Commercial Property,2025-06-17,2025-06-28,,Open
CLM-51142,CC-893310,POL-10520,Personal Auto,2025-09-18,2025-09-29,2025-10-10,Closed
CLM-51143,CC-412434,POL-10667,General Liability,2026-05-23,2026-05-26,,Open
CLM-51144,CC-455446,POL-10587,Commercial Property,2025-04-20,2025-04-20,,Open
CLM-51145,CC-413735,POL-10242,Personal Auto,2025-11-17,2025-11-24,,Open
CLM-51146,CC-496011,POL-10292,Homeowners,2026-03-25,2026-03-29,,Under Investigation
CLM-51147,CC-641538,POL-10533,Commercial Property,2025-10-29,2025-11-05,2025-12-21,Closed
CLM-51148,CC-576378,POL-10597,Personal Auto,2026-03-03,2026-03-09,,Open
CLM-51149,CC-546370,POL-10101,Commercial Property,2025-05-20,2025-05-24,,Under Investigation
CLM-51150,CC-165214,POL-10849,General Liability,2025-06-04,2025-06-17,2025-07-03,Closed
CLM-51151,CC-325217,POL-10436,Commercial Property,2025-01-15,2025-01-19,,Open
CLM-51152,CC-809699,POL-10457,General Liability,2025-12-05,2025-12-07,,Open
CLM-51153,CC-686120,POL-10539,Commercial Property,2025-05-31,2025-06-12,,Under Investigation
CLM-51154,CC-712686,POL-10532,Personal Auto,2025-04-16,2025-04-28,,Open
CLM-51155,CC-822487,POL-10511,Homeowners,2024-12-29,2025-01-11,,Open
CLM-51156,CC-537174,POL-10954,Commercial Property,2025-11-30,2025-12-15,,Under Investigation
CLM-51157,CC-233299,POL-10844,Homeowners,2025-11-23,2025-11-28,2026-02-05,Closed
CLM-51158,CC-654844,POL-10497,Commercial Property,2025-10-19,2025-11-02,2026-01-11,Closed
CLM-51159,CC-596349,POL-10121,Commercial Property,2025-12-09,2025-12-15,,Open
CLM-51160,CC-487272,POL-10034,General Liability,2026-06-11,2026-06-16,,Under Investigation
CLM-51161,CC-993719,POL-10944,Personal Auto,2025-06-14,2025-06-17,,Under Investigation
CLM-51162,CC-699538,POL-10419,Commercial Property,2025-12-27,2025-12-30,2026-02-20,Closed
CLM-51163,CC-260751,POL-10297,General Liability,2025-01-30,2025-01-31,,Under Investigation
CLM-51164,CC-492649,POL-10121,Commercial Property,2025-08-02,2025-08-13,,Open
CLM-51165,CC-129336,POL-10311,Commercial Property,2026-05-18,2026-05-27,,Open
CLM-51166,CC-542244,POL-10811,Commercial Property,2025-12-14,2025-12-18,2026-03-08,Closed
CLM-51167,CC-326053,POL-10050,Homeowners,2025-06-14,2025-06-23,,Open
CLM-51168,CC-674134,POL-10188,Homeowners,2024-11-26,2024-12-11,2024-12-31,Closed
CLM-51169,CC-604550,POL-10358,General Liability,2024-12-13,2024-12-15,2025-02-11,Closed
CLM-51170,CC-574348,POL-10587,Commercial Property,2025-12-31,2026-01-09,,Under Investigation
CLM-51171,CC-598312,POL-10922,Commercial Property,2026-05-07,2026-05-17,,Open
CLM-51172,CC-767376,POL-10855,Personal Auto,2026-02-04,2026-02-08,2026-04-18,Closed
CLM-51173,CC-570888,POL-10472,Personal Auto,2025-03-10,2025-03-24,,Under Investigation
CLM-51174,CC-796781,POL-10153,Personal Auto,2025-12-22,2026-01-01,2026-03-26,Closed
CLM-51175,CC-344131,POL-10639,General Liability,2025-06-16,2025-06-29,,Open
CLM-51176,CC-667273,POL-10922,Commercial Property,2026-05-29,2026-06-10,,Open
CLM-51177,CC-390848,POL-10047,Personal Auto,2025-04-19,2025-05-03,,Under Investigation
CLM-51178,CC-699780,POL-10662,General Liability,2025-08-31,2025-09-02,2025-09-10,Closed
CLM-51179,CC-776498,POL-10646,General Liability,2025-10-25,2025-11-03,,Under Investigation
CLM-51180,CC-668154,POL-10127,Homeowners,2025-01-11,2025-01-13,2025-04-07,Closed
CLM-51181,CC-647098,POL-10591,General Liability,2025-07-16,2025-07-17,,Under Investigation
CLM-51182,CC-119570,POL-10194,General Liability,2025-09-11,2025-09-26,,Under Investigation
CLM-51183,CC-924974,POL-10124,Personal Auto,2025-05-19,2025-05-24,2025-07-03,Closed
CLM-51184,CC-979668,POL-10211,Personal Auto,2025-09-16,2025-09-23,,Under Investigation
CLM-51185,CC-736333,POL-10909,General Liability,2025-01-18,2025-02-01,2025-04-15,Closed
CLM-51186,CC-147168,POL-10329,Homeowners,2026-04-23,2026-05-05,,Under Investigation
CLM-51187,CC-558245,POL-10504,Commercial Property,2025-07-05,2025-07-05,,Open
CLM-51188,CC-432799,POL-10185,Personal Auto,2025-10-07,2025-10-20,2025-12-31,Closed
CLM-51189,CC-204158,POL-10392,Homeowners,2025-05-14,2025-05-22,2025-06-10,Closed
CLM-51190,CC-251030,POL-10555,General Liability,2026-06-13,2026-06-18,,Open
CLM-51191,CC-421697,POL-10188,Homeowners,2025-08-01,2025-08-09,2025-09-02,Closed
CLM-51192,CC-277409,POL-10976,Homeowners,2025-07-09,2025-07-22,,Under Investigation
CLM-51193,CC-847949,POL-10061,Homeowners,2026-07-29,2026-08-08,2026-08-16,Closed
CLM-51194,CC-203540,POL-10060,Homeowners,2025-01-16,2025-01-25,,Open
CLM-51195,CC-439966,POL-10328,General Liability,2025-12-23,2025-12-27,,Open
CLM-51196,CC-312398,POL-10265,Homeowners,2026-04-14,2026-04-26,2026-05-07,Closed
CLM-51197,CC-633328,POL-10246,Commercial Property,2025-09-01,2025-09-08,,Open
CLM-51198,CC-163577,POL-10771,Personal Auto,2025-12-27,2026-01-08,2026-02-16,Closed
CLM-51199,CC-526850,POL-10326,Homeowners,2026-04-20,2026-05-04,,Under Investigation
CLM-51200,CC-764316,POL-10068,Homeowners,2025-01-14,2025-01-29,2025-03-27,Closed
