policy_id,policy_number,policy_type,effective_date,expiration_date,written_premium,earned_premium,policy_status
POL-10001,PC-334053,Personal Auto,2025-04-02,2026-04-02,905.05,741.02,Bound
POL-10002,PC-671858,Commercial Property,2024-08-21,2025-08-21,3893.18,3578.51,Bound
POL-10003,PC-198246,Personal Auto,2024-11-20,2025-11-20,3280.07,2486.11,Bound
POL-10004,PC-688508,Commercial Property,2024-11-01,2025-11-01,1777.18,1600.36,Bound
POL-10005,PC-539898,Commercial Property,2025-05-07,2026-05-07,3807.28,3523.0,Bound
POL-10006,PC-106814,Commercial Property,2025-04-15,2026-04-15,2686.68,2201.86,Bound
POL-10007,PC-263032,Commercial Property,2025-07-03,2026-07-03,3732.19,3116.61,Bound
POL-10008,PC-197251,Commercial Property,2024-09-12,2025-09-12,4820.29,4020.84,Bound
POL-10009,PC-733052,Homeowners,2025-01-13,2026-01-13,1206.21,1160.22,Bound
POL-10010,PC-662275,General Liability,2024-08-22,2025-08-22,4189.94,3906.84,Bound
POL-10011,PC-678856,Personal Auto,2024-10-30,2025-10-30,4887.09,4127.8,Bound
POL-10012,PC-479201,General Liability,2025-02-12,2026-02-12,4283.5,3874.98,Bound
POL-10013,PC-338968,Commercial Property,2024-08-21,2025-08-21,3759.2,2862.47,Bound
POL-10014,PC-205907,General Liability,2024-10-23,2025-10-23,4937.93,4759.32,Bound
POL-10015,PC-482554,Homeowners,2025-04-06,2026-04-06,1967.49,1788.29,Bound
POL-10016,PC-379946,Commercial Property,2025-02-26,2026-02-26,2354.76,1889.4,Bound
POL-10017,PC-864544,Personal Auto,2024-10-31,2025-10-31,3358.35,2662.45,Bound
POL-10018,PC-771088,Commercial Property,2025-03-15,2026-03-15,1486.29,1255.71,Bound
POL-10019,PC-913694,Commercial Property,2025-06-03,2026-06-03,3675.38,3530.99,Bound
POL-10020,PC-430776,Personal Auto,2024-08-14,2025-08-14,1762.0,1335.64,Bound
POL-10021,PC-694731,Homeowners,2025-06-02,2026-06-02,1924.51,1544.89,Bound
POL-10022,PC-774079,General Liability,2025-04-23,2026-04-23,1693.03,1481.08,Bound
POL-10023,PC-881177,Homeowners,2024-12-14,2025-12-14,1400.06,1098.92,Bound
POL-10024,PC-711878,General Liability,2024-10-07,2025-10-07,3937.46,3374.83,Bound
POL-10025,PC-245051,Homeowners,2025-07-27,2026-07-27,2320.39,2318.84,Bound
POL-10026,PC-214975,Homeowners,2024-12-12,2025-12-12,1181.82,900.29,Bound
POL-10027,PC-542666,Commercial Property,2024-09-14,2025-09-14,3435.27,3256.7,Bound
POL-10028,PC-590785,Personal Auto,2024-09-16,2025-09-16,2416.02,2171.93,Bound
POL-10029,PC-112038,General Liability,2025-06-17,2026-06-17,4878.53,4708.73,Bound
POL-10030,PC-379786,Personal Auto,2025-03-20,2026-03-20,3663.18,3239.14,Bound
POL-10031,PC-575763,General Liability,2025-06-02,2026-06-02,1268.52,1089.27,Bound
POL-10032,PC-376183,Personal Auto,2025-05-05,2026-05-05,4806.03,4656.87,Bound
POL-10033,PC-755674,Commercial Property,2025-02-23,2026-02-23,2932.26,2277.2,Bound
POL-10034,PC-308573,General Liability,2025-08-02,2026-08-02,4335.01,3801.44,Bound
POL-10035,PC-916449,Commercial Property,2024-12-28,2025-12-28,2370.44,1873.57,Bound
POL-10036,PC-217301,Personal Auto,2025-03-01,2026-03-01,3315.57,2891.68,Bound
POL-10037,PC-422451,General Liability,2025-06-10,2026-06-10,4490.63,4301.65,Bound
POL-10038,PC-182582,Commercial Property,2025-03-25,2026-03-25,1043.29,1011.47,Bound
POL-10039,PC-897549,Personal Auto,2025-06-22,2026-06-22,3874.01,3695.83,Bound
POL-10040,PC-676510,Commercial Property,2025-03-10,2026-03-10,1339.24,1163.56,Bound
POL-10041,PC-543692,Commercial Property,2025-04-26,2026-04-26,1913.24,1852.22,Bound
POL-10042,PC-823378,Commercial Property,2024-08-28,2025-08-28,4701.44,4413.79,Bound
POL-10043,PC-804314,Commercial Property,2024-11-03,2025-11-03,3794.39,3224.28,Bound
POL-10044,PC-226882,General Liability,2024-11-25,2025-11-25,2640.02,2321.62,Bound
POL-10045,PC-716886,Commercial Property,2024-09-10,2025-09-10,1743.73,1455.18,Bound
POL-10046,PC-842225,Commercial Property,2024-11-04,2025-11-04,3271.45,2459.47,Bound
POL-10047,PC-446479,Personal Auto,2024-09-17,2025-09-17,1761.56,1719.91,Bound
POL-10048,PC-608993,Personal Auto,2024-11-21,2025-11-21,2959.46,2425.63,Bound
POL-10049,PC-698782,Commercial Property,2025-04-01,2026-04-01,3064.78,2852.81,Bound
POL-10050,PC-526833,Homeowners,2024-12-23,2025-12-23,1820.59,1580.71,Bound
POL-10051,PC-471507,Commercial Property,2024-12-25,2025-12-25,1196.17,1094.19,Bound
POL-10052,PC-156802,Homeowners,2024-10-27,2025-10-27,2526.63,2440.62,Bound
POL-10053,PC-939482,Personal Auto,2024-11-17,2025-11-17,1054.57,982.92,Bound
POL-10054,PC-570405,Personal Auto,2025-07-19,2026-07-19,1844.36,1470.97,Bound
POL-10055,PC-361941,Commercial Property,2025-04-05,2026-04-05,2571.9,2108.02,Bound
POL-10056,PC-677057,Personal Auto,2025-03-22,2026-03-22,2661.15,2568.91,Bound
POL-10057,PC-976638,Personal Auto,2024-10-13,2025-10-13,1012.47,1012.29,Bound
POL-10058,PC-989921,Personal Auto,2025-05-05,2026-05-05,4869.78,4780.14,Bound
POL-10059,PC-324130,Commercial Property,2024-10-10,2025-10-10,1498.51,1305.82,Bound
POL-10060,PC-102260,Homeowners,2024-12-28,2025-12-28,4590.26,3631.63,Bound
POL-10061,PC-577110,Homeowners,2025-08-08,2026-08-08,1913.85,1810.54,Bound
POL-10062,PC-921414,General Liability,2025-04-02,2026-04-02,2576.63,2549.14,Bound
POL-10063,PC-161324,Homeowners,2025-03-03,2026-03-03,1450.15,1195.18,Bound
POL-10064,PC-712554,Personal Auto,2025-04-18,2026-04-18,3941.5,3012.45,Bound
POL-10065,PC-265080,Homeowners,2025-06-15,2026-06-15,2911.97,2804.75,Bound
POL-10066,PC-294851,Personal Auto,2025-05-22,2026-05-22,4835.27,3723.29,Bound
POL-10067,PC-346629,Personal Auto,2024-11-03,2025-11-03,3299.15,3031.27,Bound
POL-10068,PC-358175,Homeowners,2024-08-23,2025-08-23,1303.52,1267.77,Bound
POL-10069,PC-712024,Personal Auto,2024-12-05,2025-12-05,3401.4,2907.54,Bound
POL-10070,PC-850981,General Liability,2024-11-17,2025-11-17,4725.77,3785.65,Bound
POL-10071,PC-804318,General Liability,2024-10-28,2025-10-28,1802.48,1530.21,Bound
POL-10072,PC-176066,General Liability,2025-07-22,2026-07-22,2720.34,2672.07,Bound
POL-10073,PC-204837,Personal Auto,2025-06-27,2026-06-27,2724.8,2723.75,Bound
POL-10074,PC-238890,Personal Auto,2024-12-04,2025-12-04,3058.06,2680.3,Bound
POL-10075,PC-487477,General Liability,2025-04-08,2026-04-08,4499.63,4363.82,Bound
POL-10076,PC-837715,General Liability,2025-01-03,2026-01-03,1462.54,1401.75,Bound
POL-10077,PC-785743,General Liability,2025-07-11,2026-07-11,3369.05,3358.3,Bound
POL-10078,PC-795613,Personal Auto,2025-01-26,2026-01-26,3605.03,3203.61,Bound
POL-10079,PC-221035,Personal Auto,2024-11-16,2025-11-16,4743.51,3716.89,Bound
POL-10080,PC-395442,Personal Auto,2024-11-10,2025-11-10,3918.15,3090.88,Bound
POL-10081,PC-765046,Commercial Property,2025-03-04,2026-03-04,3813.97,3054.61,Bound
POL-10082,PC-987204,General Liability,2024-11-15,2025-11-15,2922.72,2375.53,Bound
POL-10083,PC-390120,Personal Auto,2025-03-13,2026-03-13,1187.65,1016.5,Bound
POL-10084,PC-768061,Personal Auto,2025-07-05,2026-07-05,814.89,768.26,Bound
POL-10085,PC-839945,General Liability,2025-01-04,2026-01-04,1478.64,1272.31,Bound
POL-10086,PC-824586,Homeowners,2024-10-31,2025-10-31,3155.81,2455.12,Bound
POL-10087,PC-710805,Commercial Property,2025-08-11,2026-08-11,3091.48,2963.64,Bound
POL-10088,PC-482364,Commercial Property,2025-02-13,2026-02-13,2605.1,1981.07,Bound
POL-10089,PC-361650,Personal Auto,2024-09-14,2025-09-14,4575.48,3671.91,Bound
POL-10090,PC-526117,Personal Auto,2024-08-29,2025-08-29,2285.45,2033.98,Bound
POL-10091,PC-270395,Commercial Property,2024-09-21,2025-09-21,4688.21,3793.63,Bound
POL-10092,PC-872343,Commercial Property,2025-03-29,2026-03-29,4501.95,3404.36,Bound
POL-10093,PC-802448,General Liability,2025-05-28,2026-05-28,4086.02,3485.08,Bound
POL-10094,PC-213346,Commercial Property,2025-01-13,2026-01-13,1920.58,1818.49,Bound
POL-10095,PC-333238,Homeowners,2024-09-04,2025-09-04,4463.1,4305.32,Bound
POL-10096,PC-420015,Commercial Property,2024-12-29,2025-12-29,4229.66,3658.98,Bound
POL-10097,PC-517821,Commercial Property,2025-08-10,2026-08-10,1736.28,1588.71,Bound
POL-10098,PC-910891,General Liability,2025-02-21,2026-02-21,1970.13,1511.79,Bound
POL-10099,PC-812526,General Liability,2025-08-01,2026-08-01,2274.81,1995.81,Bound
POL-10100,PC-373903,General Liability,2025-06-22,2026-06-22,4744.8,3695.42,Bound
POL-10101,PC-140115,Commercial Property,2024-08-16,2025-08-16,3238.48,3225.16,Bound
POL-10102,PC-924629,Personal Auto,2025-05-02,2026-05-02,3305.6,2764.88,Bound
POL-10103,PC-221263,General Liability,2025-04-17,2026-04-17,2632.85,2622.47,Bound
POL-10104,PC-146542,Homeowners,2025-02-23,2026-02-23,4577.92,3650.98,Bound
POL-10105,PC-664607,Homeowners,2024-11-17,2025-11-17,807.1,792.08,Bound
POL-10106,PC-796503,Commercial Property,2025-04-02,2026-04-02,2329.73,1788.05,Bound
POL-10107,PC-230679,General Liability,2024-09-21,2025-09-21,3417.25,3129.68,Bound
POL-10108,PC-442027,General Liability,2025-01-17,2026-01-17,2929.91,2685.92,Bound
POL-10109,PC-301158,Homeowners,2025-01-24,2026-01-24,3728.28,3312.96,Bound
POL-10110,PC-884475,Homeowners,2025-07-26,2026-07-26,3592.7,3035.06,Bound
POL-10111,PC-674553,Commercial Property,2025-06-27,2026-06-27,3385.16,2793.56,Bound
POL-10112,PC-923927,Personal Auto,2024-11-16,2025-11-16,2076.27,1666.3,Bound
POL-10113,PC-324082,General Liability,2025-02-10,2026-02-10,2752.95,2369.02,Bound
POL-10114,PC-871711,Homeowners,2024-10-16,2025-10-16,4133.69,4092.18,Bound
POL-10115,PC-796101,Commercial Property,2025-07-11,2026-07-11,3567.17,2928.46,Bound
POL-10116,PC-346277,General Liability,2025-06-25,2026-06-25,1192.23,1177.92,Bound
POL-10117,PC-125611,General Liability,2024-11-28,2025-11-28,1743.49,1394.41,Bound
POL-10118,PC-991014,Personal Auto,2025-04-02,2026-04-02,1828.34,1588.43,Bound
POL-10119,PC-703634,Personal Auto,2025-03-22,2026-03-22,2712.75,2635.53,Bound
POL-10120,PC-519066,Commercial Property,2024-10-06,2025-10-06,3817.05,3229.2,Bound
POL-10121,PC-887443,Commercial Property,2025-05-17,2026-05-17,1419.8,1308.92,Bound
POL-10122,PC-943170,Personal Auto,2025-02-24,2026-02-24,4069.37,3274.66,Bound
POL-10123,PC-989545,Homeowners,2025-05-23,2026-05-23,1010.92,821.17,Bound
POL-10124,PC-800005,Personal Auto,2025-02-21,2026-02-21,2717.14,2582.25,Bound
POL-10125,PC-742412,General Liability,2024-08-12,2025-08-12,4790.17,4660.15,Bound
POL-10126,PC-266889,Homeowners,2024-12-08,2025-12-08,4288.39,3803.66,Bound
POL-10127,PC-980660,Homeowners,2024-08-19,2025-08-19,2690.29,2523.34,Bound
POL-10128,PC-757193,General Liability,2025-07-17,2026-07-17,4016.42,3535.75,Bound
POL-10129,PC-399607,Commercial Property,2025-06-28,2026-06-28,1953.31,1502.82,Bound
POL-10130,PC-666390,Commercial Property,2025-06-11,2026-06-11,1941.2,1611.06,Bound
POL-10131,PC-827659,Personal Auto,2024-12-02,2025-12-02,1381.17,1115.73,Bound
POL-10132,PC-527398,Commercial Property,2024-09-02,2025-09-02,3766.96,2885.71,Bound
POL-10133,PC-316881,General Liability,2025-06-28,2026-06-28,3078.97,2629.27,Bound
POL-10134,PC-829308,Homeowners,2025-07-23,2026-07-23,2435.8,2295.62,Bound
POL-10135,PC-498858,Personal Auto,2024-09-12,2025-09-12,4398.27,4140.53,Bound
POL-10136,PC-890075,Homeowners,2025-02-05,2026-02-05,824.76,691.1,Bound
POL-10137,PC-539375,Homeowners,2024-09-06,2025-09-06,4384.48,4333.43,Bound
POL-10138,PC-609232,Commercial Property,2025-05-16,2026-05-16,2850.56,2332.42,Bound
POL-10139,PC-936912,Personal Auto,2025-05-18,2026-05-18,2433.2,2231.78,Bound
POL-10140,PC-233827,Homeowners,2024-09-27,2025-09-27,3841.56,3688.38,Bound
POL-10141,PC-795205,Personal Auto,2025-02-01,2026-02-01,4609.1,4138.85,Bound
POL-10142,PC-584125,Personal Auto,2025-02-28,2026-02-28,1152.58,987.94,Bound
POL-10143,PC-321941,Commercial Property,2024-11-16,2025-11-16,1011.2,854.24,Bound
POL-10144,PC-497542,Homeowners,2025-06-26,2026-06-26,2172.75,2043.05,Bound
POL-10145,PC-364525,General Liability,2025-01-13,2026-01-13,3958.44,3792.11,Bound
POL-10146,PC-154615,Personal Auto,2024-10-28,2025-10-28,2775.29,2601.16,Bound
POL-10147,PC-783414,General Liability,2025-02-24,2026-02-24,1741.73,1336.18,Bound
POL-10148,PC-309044,Personal Auto,2025-05-05,2026-05-05,3967.78,3917.8,Bound
POL-10149,PC-596564,Personal Auto,2024-10-24,2025-10-24,3409.61,2760.54,Bound
POL-10150,PC-833442,Personal Auto,2024-12-03,2025-12-03,3168.67,2549.17,Bound
POL-10151,PC-736745,General Liability,2025-08-10,2026-08-10,4020.97,3184.4,Bound
POL-10152,PC-426147,Personal Auto,2025-04-06,2026-04-06,4066.73,3216.55,Bound
POL-10153,PC-703766,Personal Auto,2025-01-18,2026-01-18,3230.48,3173.05,Bound
POL-10154,PC-179688,Homeowners,2025-02-16,2026-02-16,2465.95,2290.26,Bound
POL-10155,PC-991597,Commercial Property,2024-09-25,2025-09-25,1227.99,1158.14,Bound
POL-10156,PC-143064,Personal Auto,2024-11-02,2025-11-02,4144.15,3694.44,Bound
POL-10157,PC-172306,General Liability,2024-12-13,2025-12-13,3037.53,2780.5,Bound
POL-10158,PC-614013,General Liability,2025-03-14,2026-03-14,853.14,729.45,Bound
POL-10159,PC-968962,Personal Auto,2024-11-03,2025-11-03,2620.8,2202.91,Bound
POL-10160,PC-869440,Homeowners,2024-10-31,2025-10-31,3770.7,3238.55,Bound
POL-10161,PC-912270,General Liability,2024-09-06,2025-09-06,3386.83,3318.77,Bound
POL-10162,PC-721254,Homeowners,2025-03-30,2026-03-30,2752.47,2632.55,Bound
POL-10163,PC-190872,General Liability,2024-11-03,2025-11-03,2153.68,1747.44,Bound
POL-10164,PC-587282,General Liability,2025-07-08,2026-07-08,4502.85,3651.66,Bound
POL-10165,PC-440802,Homeowners,2025-06-21,2026-06-21,2212.87,1933.11,Bound
POL-10166,PC-370902,Commercial Property,2024-09-06,2025-09-06,2847.71,2388.39,Bound
POL-10167,PC-389688,General Liability,2024-11-06,2025-11-06,1974.57,1775.21,Bound
POL-10168,PC-353080,Personal Auto,2025-04-13,2026-04-13,2969.83,2369.22,Bound
POL-10169,PC-824156,Homeowners,2024-10-29,2025-10-29,2852.03,2679.6,Bound
POL-10170,PC-931450,Homeowners,2024-09-29,2025-09-29,3512.79,3065.63,Bound
POL-10171,PC-825391,Personal Auto,2025-07-19,2026-07-19,1190.82,959.09,Bound
POL-10172,PC-596249,Commercial Property,2025-03-08,2026-03-08,2086.07,1867.84,Bound
POL-10173,PC-446859,General Liability,2025-01-31,2026-01-31,2587.12,2422.8,Bound
POL-10174,PC-363615,General Liability,2025-05-25,2026-05-25,3751.99,3068.11,Bound
POL-10175,PC-225362,Commercial Property,2025-06-02,2026-06-02,1306.75,1042.98,Bound
POL-10176,PC-389930,Commercial Property,2024-10-20,2025-10-20,1604.47,1499.62,Bound
POL-10177,PC-410636,General Liability,2024-09-16,2025-09-16,4918.14,4712.35,Bound
POL-10178,PC-842411,Commercial Property,2025-01-16,2026-01-16,2315.7,1911.77,Bound
POL-10179,PC-680238,Commercial Property,2025-01-13,2026-01-13,1952.11,1939.57,Bound
POL-10180,PC-889359,General Liability,2025-01-29,2026-01-29,3729.15,2914.59,Bound
POL-10181,PC-398151,Homeowners,2025-05-05,2026-05-05,1230.87,926.93,Bound
POL-10182,PC-153872,Homeowners,2025-04-14,2026-04-14,2810.6,2347.35,Bound
POL-10183,PC-962050,General Liability,2025-08-06,2026-08-06,4752.47,4131.95,Bound
POL-10184,PC-760021,Personal Auto,2024-09-16,2025-09-16,2482.97,1908.21,Bound
POL-10185,PC-418594,Personal Auto,2025-01-05,2026-01-05,1437.25,1369.39,Bound
POL-10186,PC-901577,Personal Auto,2024-12-13,2025-12-13,4974.46,3878.15,Bound
POL-10187,PC-336650,Homeowners,2025-06-22,2026-06-22,3346.53,3171.46,Bound
POL-10188,PC-717113,Homeowners,2024-11-10,2025-11-10,2692.16,2317.09,Bound
POL-10189,PC-739244,Homeowners,2024-10-20,2025-10-20,2082.6,1885.29,Bound
POL-10190,PC-321275,Personal Auto,2025-01-22,2026-01-22,4779.88,3833.21,Bound
POL-10191,PC-282256,General Liability,2025-01-12,2026-01-12,3573.8,2820.67,Bound
POL-10192,PC-822858,Personal Auto,2024-11-21,2025-11-21,1457.44,1241.93,Bound
POL-10193,PC-841296,Homeowners,2024-11-11,2025-11-11,2023.29,1634.55,Bound
POL-10194,PC-820775,General Liability,2025-07-14,2026-07-14,3752.55,3240.36,Bound
POL-10195,PC-755420,Commercial Property,2025-01-20,2026-01-20,4680.43,4432.17,Bound
POL-10196,PC-779094,Commercial Property,2025-06-22,2026-06-22,2585.58,2291.19,Bound
POL-10197,PC-174878,Commercial Property,2025-02-28,2026-02-28,4615.33,4415.29,Bound
POL-10198,PC-885339,Personal Auto,2024-08-30,2025-08-30,1496.88,1237.77,Bound
POL-10199,PC-418862,General Liability,2025-08-11,2026-08-11,2644.44,2293.19,Bound
POL-10200,PC-617781,Homeowners,2025-06-13,2026-06-13,4759.24,4164.9,Bound
POL-10201,PC-553014,Homeowners,2025-07-31,2026-07-31,1137.86,864.73,Bound
POL-10202,PC-340044,General Liability,2025-07-16,2026-07-16,3335.6,2523.27,Bound
POL-10203,PC-382602,Personal Auto,2025-06-17,2026-06-17,4998.2,4588.7,Bound
POL-10204,PC-644173,Personal Auto,2024-10-11,2025-10-11,4005.06,3179.21,Bound
POL-10205,PC-713762,Homeowners,2025-02-05,2026-02-05,4647.51,3696.5,Bound
POL-10206,PC-195674,Homeowners,2024-10-29,2025-10-29,3466.1,3025.67,Bound
POL-10207,PC-802685,Homeowners,2025-01-05,2026-01-05,2261.44,1884.52,Bound
POL-10208,PC-827369,Personal Auto,2024-09-02,2025-09-02,4402.48,3664.85,Bound
POL-10209,PC-953085,Homeowners,2024-12-28,2025-12-28,2010.51,1982.96,Bound
POL-10210,PC-438977,Personal Auto,2025-08-06,2026-08-06,2710.27,2245.81,Bound
POL-10211,PC-639593,Personal Auto,2024-11-16,2025-11-16,4874.78,4148.65,Bound
POL-10212,PC-533321,Personal Auto,2025-05-25,2026-05-25,3562.17,3154.83,Bound
POL-10213,PC-893188,Personal Auto,2025-01-25,2026-01-25,1587.85,1334.5,Bound
POL-10214,PC-313446,Homeowners,2025-01-13,2026-01-13,3426.72,3221.11,Bound
POL-10215,PC-559398,General Liability,2025-07-27,2026-07-27,3106.72,3050.54,Bound
POL-10216,PC-738448,Homeowners,2025-08-10,2026-08-10,1309.99,1301.2,Bound
POL-10217,PC-114338,Commercial Property,2025-03-02,2026-03-02,3781.09,3129.56,Bound
POL-10218,PC-218972,Homeowners,2025-05-01,2026-05-01,1191.48,1189.17,Bound
POL-10219,PC-261450,Homeowners,2024-10-07,2025-10-07,4777.66,4356.88,Bound
POL-10220,PC-839677,Homeowners,2024-11-28,2025-11-28,4717.14,3882.04,Bound
POL-10221,PC-595158,General Liability,2025-07-31,2026-07-31,2545.06,2215.79,Bound
POL-10222,PC-299869,Commercial Property,2025-03-11,2026-03-11,2718.5,2137.18,Bound
POL-10223,PC-928381,Commercial Property,2025-02-25,2026-02-25,4428.91,3627.55,Bound
POL-10224,PC-380150,Homeowners,2025-05-12,2026-05-12,2227.48,2109.27,Bound
POL-10225,PC-715448,Personal Auto,2024-09-01,2025-09-01,1987.92,1639.32,Bound
POL-10226,PC-607868,Homeowners,2025-03-13,2026-03-13,4434.09,3820.58,Bound
POL-10227,PC-495533,General Liability,2025-02-11,2026-02-11,2196.25,2066.05,Bound
POL-10228,PC-831380,Homeowners,2025-06-19,2026-06-19,4717.98,4564.18,Bound
POL-10229,PC-913217,Commercial Property,2024-10-08,2025-10-08,3201.55,2588.1,Bound
POL-10230,PC-839485,Homeowners,2025-07-28,2026-07-28,983.32,920.56,Bound
POL-10231,PC-960616,Homeowners,2024-09-10,2025-09-10,2421.53,2217.93,Bound
POL-10232,PC-626690,Commercial Property,2024-10-18,2025-10-18,2880.38,2186.94,Bound
POL-10233,PC-561694,General Liability,2025-03-17,2026-03-17,4452.74,4312.69,Bound
POL-10234,PC-857537,Personal Auto,2025-04-15,2026-04-15,3008.99,2600.47,Bound
POL-10235,PC-261859,Commercial Property,2024-11-05,2025-11-05,2521.91,2304.26,Bound
POL-10236,PC-455007,Personal Auto,2024-09-24,2025-09-24,2771.86,2750.52,Bound
POL-10237,PC-993744,Homeowners,2025-07-02,2026-07-02,3529.31,3398.52,Bound
POL-10238,PC-896290,Homeowners,2024-11-09,2025-11-09,4807.39,4358.86,Bound
POL-10239,PC-171744,Homeowners,2025-03-16,2026-03-16,4464.01,3388.07,Bound
POL-10240,PC-338536,Commercial Property,2025-03-26,2026-03-26,3450.88,3382.66,Bound
POL-10241,PC-764532,Personal Auto,2025-01-12,2026-01-12,2622.68,2031.56,Bound
POL-10242,PC-130353,Personal Auto,2025-03-13,2026-03-13,2663.45,2459.7,Bound
POL-10243,PC-475876,Personal Auto,2025-02-18,2026-02-18,2162.37,1652.12,Bound
POL-10244,PC-532067,General Liability,2025-07-19,2026-07-19,2608.88,2115.93,Bound
POL-10245,PC-501126,Commercial Property,2024-10-25,2025-10-25,1513.93,1165.34,Bound
POL-10246,PC-343467,Commercial Property,2025-04-30,2026-04-30,2890.2,2589.01,Bound
POL-10247,PC-799233,Homeowners,2024-11-07,2025-11-07,3479.2,3009.13,Bound
POL-10248,PC-401603,Personal Auto,2025-01-03,2026-01-03,4575.42,3963.75,Bound
POL-10249,PC-716113,Commercial Property,2025-04-14,2026-04-14,1110.22,1095.02,Bound
POL-10250,PC-362246,General Liability,2024-11-29,2025-11-29,3483.54,2982.18,Bound
POL-10251,PC-503380,Homeowners,2024-12-05,2025-12-05,4350.28,3479.37,Bound
POL-10252,PC-476395,Homeowners,2025-05-13,2026-05-13,1247.94,1054.93,Bound
POL-10253,PC-970357,General Liability,2024-09-07,2025-09-07,4969.31,4093.76,Bound
POL-10254,PC-819112,Homeowners,2025-01-26,2026-01-26,1952.82,1740.9,Bound
POL-10255,PC-973294,Personal Auto,2025-08-11,2026-08-11,4624.59,4329.97,Bound
POL-10256,PC-940886,General Liability,2025-08-10,2026-08-10,4058.11,3277.04,Bound
POL-10257,PC-362801,General Liability,2024-09-07,2025-09-07,1719.82,1371.61,Bound
POL-10258,PC-777737,Commercial Property,2024-10-28,2025-10-28,3438.64,3355.6,Bound
POL-10259,PC-707727,Personal Auto,2024-11-16,2025-11-16,2097.52,1804.3,Bound
POL-10260,PC-409445,General Liability,2025-07-18,2026-07-18,3875.91,2994.27,Bound
POL-10261,PC-238579,General Liability,2025-06-29,2026-06-29,3939.42,3127.55,Bound
POL-10262,PC-970813,General Liability,2025-06-28,2026-06-28,3029.58,2964.06,Bound
POL-10263,PC-605254,Commercial Property,2024-12-24,2025-12-24,1879.27,1796.91,Bound
POL-10264,PC-220764,General Liability,2024-10-08,2025-10-08,3935.55,3284.92,Bound
POL-10265,PC-336574,Homeowners,2025-06-12,2026-06-12,4844.15,3803.57,Bound
POL-10266,PC-483542,Homeowners,2025-04-25,2026-04-25,4862.53,4624.98,Bound
POL-10267,PC-662636,Personal Auto,2025-03-23,2026-03-23,4120.86,3104.98,Bound
POL-10268,PC-805000,Personal Auto,2025-08-07,2026-08-07,2710.1,2488.43,Bound
POL-10269,PC-489518,General Liability,2025-04-07,2026-04-07,3255.15,3110.64,Bound
POL-10270,PC-749641,Personal Auto,2024-08-14,2025-08-14,3634.31,3154.11,Bound
POL-10271,PC-166287,General Liability,2025-06-06,2026-06-06,4644.07,3740.06,Bound
POL-10272,PC-528129,Homeowners,2024-11-29,2025-11-29,4619.43,3813.56,Bound
POL-10273,PC-419149,Personal Auto,2025-04-11,2026-04-11,1387.06,1368.43,Bound
POL-10274,PC-663658,Homeowners,2025-07-20,2026-07-20,1287.71,1041.37,Bound
POL-10275,PC-879238,Commercial Property,2024-09-30,2025-09-30,2432.31,2049.84,Bound
POL-10276,PC-535037,Homeowners,2024-09-23,2025-09-23,3266.83,3043.54,Bound
POL-10277,PC-393328,Personal Auto,2024-09-20,2025-09-20,4301.51,3888.19,Bound
POL-10278,PC-566297,Personal Auto,2025-03-01,2026-03-01,3699.18,2975.31,Bound
POL-10279,PC-818987,Commercial Property,2024-11-19,2025-11-19,4392.89,3403.78,Bound
POL-10280,PC-476096,General Liability,2025-03-20,2026-03-20,3086.76,3069.66,Bound
POL-10281,PC-228093,Personal Auto,2025-04-30,2026-04-30,2472.19,1971.45,Bound
POL-10282,PC-770556,Homeowners,2024-10-25,2025-10-25,1185.03,951.61,Bound
POL-10283,PC-232040,Personal Auto,2025-03-31,2026-03-31,1012.43,843.74,Bound
POL-10284,PC-317220,Commercial Property,2024-11-16,2025-11-16,1088.16,1024.27,Bound
POL-10285,PC-911984,Commercial Property,2025-02-06,2026-02-06,4214.82,3406.63,Bound
POL-10286,PC-390743,Commercial Property,2025-07-08,2026-07-08,4112.3,3696.94,Bound
POL-10287,PC-937302,Commercial Property,2025-06-16,2026-06-16,4947.61,4378.9,Bound
POL-10288,PC-238205,Commercial Property,2024-09-14,2025-09-14,1261.69,1219.56,Bound
POL-10289,PC-717457,Personal Auto,2025-01-13,2026-01-13,2304.62,2182.72,Bound
POL-10290,PC-232915,General Liability,2024-11-20,2025-11-20,866.28,707.18,Bound
POL-10291,PC-599380,Homeowners,2024-08-13,2025-08-13,3009.56,2818.2,Bound
POL-10292,PC-214351,Homeowners,2025-05-20,2026-05-20,4067.67,3572.67,Bound
POL-10293,PC-145471,Homeowners,2025-04-01,2026-04-01,2916.12,2876.33,Bound
POL-10294,PC-163780,General Liability,2024-11-15,2025-11-15,2723.78,2699.28,Bound
POL-10295,PC-213206,Homeowners,2025-05-09,2026-05-09,4358.65,3733.48,Bound
POL-10296,PC-184714,Homeowners,2025-03-01,2026-03-01,3792.09,3264.57,Bound
POL-10297,PC-388375,General Liability,2025-01-15,2026-01-15,3354.85,2571.23,Bound
POL-10298,PC-409222,General Liability,2024-08-15,2025-08-15,2399.8,2158.26,Bound
POL-10299,PC-931621,Homeowners,2024-09-08,2025-09-08,2923.31,2506.88,Bound
POL-10300,PC-906315,Personal Auto,2025-06-30,2026-06-30,4381.73,3999.33,Bound
POL-10301,PC-533914,Commercial Property,2025-07-07,2026-07-07,2606.29,2533.37,Bound
POL-10302,PC-865054,General Liability,2025-02-27,2026-02-27,4275.16,3632.53,Bound
POL-10303,PC-367271,Personal Auto,2025-06-12,2026-06-12,2112.7,1749.59,Bound
POL-10304,PC-597305,General Liability,2025-03-12,2026-03-12,4805.09,4428.88,Bound
POL-10305,PC-552855,Personal Auto,2024-10-05,2025-10-05,1183.14,912.6,Bound
POL-10306,PC-236435,Personal Auto,2024-09-27,2025-09-27,3927.27,3311.32,Bound
POL-10307,PC-445658,Personal Auto,2024-12-02,2025-12-02,3263.15,2905.5,Bound
POL-10308,PC-886730,Personal Auto,2025-07-06,2026-07-06,2525.4,2445.6,Bound
POL-10309,PC-401601,Homeowners,2025-05-29,2026-05-29,4445.99,4135.95,Bound
POL-10310,PC-323072,General Liability,2025-06-22,2026-06-22,2276.91,2036.65,Bound
POL-10311,PC-213475,Commercial Property,2025-07-06,2026-07-06,3558.29,2868.2,Bound
POL-10312,PC-899649,General Liability,2024-10-27,2025-10-27,4350.57,3662.7,Bound
POL-10313,PC-986209,General Liability,2024-11-11,2025-11-11,3211.22,3056.46,Bound
POL-10314,PC-827157,Personal Auto,2024-09-18,2025-09-18,3357.78,3070.55,Bound
POL-10315,PC-899444,General Liability,2025-05-23,2026-05-23,921.6,754.16,Bound
POL-10316,PC-290217,General Liability,2025-06-30,2026-06-30,4670.46,3912.71,Bound
POL-10317,PC-248766,Commercial Property,2025-01-07,2026-01-07,3178.55,2702.39,Bound
POL-10318,PC-494468,Personal Auto,2025-03-26,2026-03-26,1185.38,1046.24,Bound
POL-10319,PC-426775,Homeowners,2024-10-07,2025-10-07,2705.31,2135.44,Bound
POL-10320,PC-189083,General Liability,2025-07-17,2026-07-17,4062.71,3623.52,Bound
POL-10321,PC-152179,Personal Auto,2025-06-23,2026-06-23,1453.44,1364.21,Bound
POL-10322,PC-609253,Personal Auto,2025-08-03,2026-08-03,1942.83,1778.63,Bound
POL-10323,PC-637234,Homeowners,2025-06-03,2026-06-03,2539.57,2041.54,Bound
POL-10324,PC-811163,Personal Auto,2025-06-29,2026-06-29,2249.73,1749.67,Bound
POL-10325,PC-331230,Homeowners,2024-08-21,2025-08-21,3013.12,2492.17,Bound
POL-10326,PC-314353,Homeowners,2025-05-07,2026-05-07,4934.67,3768.59,Bound
POL-10327,PC-901280,General Liability,2024-12-11,2025-12-11,4770.36,4492.9,Bound
POL-10328,PC-621546,General Liability,2025-07-17,2026-07-17,2015.68,1572.22,Bound
POL-10329,PC-837852,Homeowners,2025-05-31,2026-05-31,1537.92,1299.62,Bound
POL-10330,PC-945362,Commercial Property,2025-06-23,2026-06-23,2901.1,2780.24,Bound
POL-10331,PC-144357,General Liability,2025-06-03,2026-06-03,1102.72,1064.61,Bound
POL-10332,PC-428267,Homeowners,2024-11-17,2025-11-17,878.71,861.39,Bound
POL-10333,PC-537983,Homeowners,2025-05-26,2026-05-26,3208.28,2975.28,Bound
POL-10334,PC-440544,General Liability,2024-09-20,2025-09-20,1283.73,969.49,Bound
POL-10335,PC-972442,Commercial Property,2025-06-26,2026-06-26,4165.55,3767.87,Bound
POL-10336,PC-355135,General Liability,2025-06-21,2026-06-21,1170.15,1124.66,Bound
POL-10337,PC-514991,Homeowners,2024-11-01,2025-11-01,3273.26,2883.71,Bound
POL-10338,PC-916964,General Liability,2025-06-06,2026-06-06,3932.38,3167.11,Bound
POL-10339,PC-656379,Commercial Property,2025-01-27,2026-01-27,1120.79,1018.02,Bound
POL-10340,PC-862712,Commercial Property,2024-12-01,2025-12-01,4604.88,3855.87,Bound
POL-10341,PC-306854,Commercial Property,2025-05-29,2026-05-29,1792.33,1409.87,Bound
POL-10342,PC-787351,Commercial Property,2024-11-03,2025-11-03,3330.08,3130.45,Bound
POL-10343,PC-618119,Personal Auto,2024-08-20,2025-08-20,1544.01,1456.33,Bound
POL-10344,PC-570711,Homeowners,2024-10-21,2025-10-21,3968.67,3730.43,Bound
POL-10345,PC-258290,General Liability,2024-12-09,2025-12-09,4429.84,4017.0,Bound
POL-10346,PC-417530,Homeowners,2025-06-23,2026-06-23,1086.8,935.25,Bound
POL-10347,PC-177794,General Liability,2025-07-30,2026-07-30,3283.96,2751.91,Bound
POL-10348,PC-486649,General Liability,2024-11-21,2025-11-21,2739.32,2080.24,Bound
POL-10349,PC-996840,General Liability,2025-04-03,2026-04-03,1122.27,1084.18,Bound
POL-10350,PC-585188,Personal Auto,2025-01-04,2026-01-04,3383.04,2966.14,Bound
POL-10351,PC-783501,Personal Auto,2025-08-05,2026-08-05,2688.88,2561.03,Bound
POL-10352,PC-258189,Commercial Property,2025-02-23,2026-02-23,2150.41,1868.51,Bound
POL-10353,PC-978053,Personal Auto,2025-07-20,2026-07-20,2692.2,2564.97,Bound
POL-10354,PC-777513,General Liability,2024-09-23,2025-09-23,4926.02,3798.37,Bound
POL-10355,PC-560767,Commercial Property,2025-08-01,2026-08-01,964.4,893.91,Bound
POL-10356,PC-506235,Commercial Property,2024-10-16,2025-10-16,2328.37,2280.6,Bound
POL-10357,PC-154909,Homeowners,2025-07-29,2026-07-29,4052.75,3727.41,Bound
POL-10358,PC-811332,General Liability,2024-11-16,2025-11-16,1076.83,833.06,Bound
POL-10359,PC-788457,Homeowners,2024-09-20,2025-09-20,1993.42,1855.74,Bound
POL-10360,PC-248298,Commercial Property,2025-01-17,2026-01-17,2200.12,1970.61,Bound
POL-10361,PC-794299,General Liability,2025-05-04,2026-05-04,2102.97,1922.14,Bound
POL-10362,PC-188834,Homeowners,2024-12-04,2025-12-04,1341.6,1243.94,Bound
POL-10363,PC-444432,General Liability,2025-03-21,2026-03-21,3147.47,2866.95,Bound
POL-10364,PC-874661,Commercial Property,2025-02-14,2026-02-14,3614.49,3459.93,Bound
POL-10365,PC-479404,Personal Auto,2024-12-30,2025-12-30,3513.3,3006.86,Bound
POL-10366,PC-324597,Personal Auto,2025-03-10,2026-03-10,2322.91,1846.87,Bound
POL-10367,PC-337547,General Liability,2024-11-12,2025-11-12,4780.21,4166.28,Bound
POL-10368,PC-926403,Commercial Property,2025-04-27,2026-04-27,1450.77,1195.36,Bound
POL-10369,PC-874524,Personal Auto,2024-08-12,2025-08-12,2932.3,2594.92,Bound
POL-10370,PC-748052,Personal Auto,2025-07-15,2026-07-15,3580.1,3469.47,Bound
POL-10371,PC-289630,Commercial Property,2025-02-24,2026-02-24,3308.44,2608.91,Bound
POL-10372,PC-481995,Commercial Property,2025-05-01,2026-05-01,3828.97,2913.55,Bound
POL-10373,PC-888939,Commercial Property,2025-05-09,2026-05-09,4872.27,4397.95,Bound
POL-10374,PC-947903,Homeowners,2025-04-13,2026-04-13,1782.81,1443.71,Bound
POL-10375,PC-811256,Homeowners,2024-12-22,2025-12-22,4596.69,3670.48,Bound
POL-10376,PC-500422,Homeowners,2024-09-06,2025-09-06,2739.06,2247.24,Bound
POL-10377,PC-940181,Homeowners,2025-04-11,2026-04-11,4858.33,4635.93,Bound
POL-10378,PC-603935,Commercial Property,2024-12-10,2025-12-10,4466.61,3408.22,Bound
POL-10379,PC-986982,General Liability,2024-12-04,2025-12-04,3129.07,2427.06,Bound
POL-10380,PC-386042,Personal Auto,2025-06-17,2026-06-17,1997.26,1878.98,Bound
POL-10381,PC-558723,Homeowners,2025-05-01,2026-05-01,4602.29,3621.25,Bound
POL-10382,PC-573041,Personal Auto,2024-11-29,2025-11-29,4774.94,3846.26,Bound
POL-10383,PC-515712,General Liability,2024-12-02,2025-12-02,4707.98,4019.32,Bound
POL-10384,PC-493124,General Liability,2025-01-08,2026-01-08,1790.27,1787.82,Bound
POL-10385,PC-979940,Commercial Property,2025-01-05,2026-01-05,918.39,902.51,Bound
POL-10386,PC-400814,General Liability,2024-11-27,2025-11-27,4123.8,3234.71,Bound
POL-10387,PC-839808,Homeowners,2024-09-27,2025-09-27,3723.5,2921.82,Bound
POL-10388,PC-183074,Homeowners,2025-01-12,2026-01-12,2684.13,2016.62,Bound
POL-10389,PC-675462,Personal Auto,2025-07-21,2026-07-21,1874.88,1797.52,Bound
POL-10390,PC-415779,Homeowners,2025-04-16,2026-04-16,1266.98,1041.49,Bound
POL-10391,PC-932463,Personal Auto,2025-07-07,2026-07-07,1000.55,855.43,Bound
POL-10392,PC-624108,Homeowners,2025-03-24,2026-03-24,1063.79,1020.36,Bound
POL-10393,PC-853448,Personal Auto,2024-11-29,2025-11-29,3454.21,3087.24,Bound
POL-10394,PC-469954,Commercial Property,2025-02-27,2026-02-27,2023.34,1518.3,Bound
POL-10395,PC-800674,Commercial Property,2024-08-12,2025-08-12,3196.79,2547.29,Bound
POL-10396,PC-651613,Personal Auto,2024-11-24,2025-11-24,2998.64,2519.31,Bound
POL-10397,PC-766549,Personal Auto,2025-01-15,2026-01-15,2439.91,2116.7,Bound
POL-10398,PC-117031,Homeowners,2025-03-11,2026-03-11,4920.37,4002.29,Bound
POL-10399,PC-868544,General Liability,2025-04-07,2026-04-07,4111.78,3438.27,Bound
POL-10400,PC-448671,Personal Auto,2025-01-28,2026-01-28,4040.31,3772.83,Bound
POL-10401,PC-953025,Commercial Property,2025-01-20,2026-01-20,986.21,874.28,Bound
POL-10402,PC-829168,Commercial Property,2024-10-29,2025-10-29,4287.61,3949.62,Bound
POL-10403,PC-166165,Homeowners,2025-01-31,2026-01-31,3453.29,3290.55,Bound
POL-10404,PC-929538,Homeowners,2025-07-06,2026-07-06,955.33,764.64,Bound
POL-10405,PC-425138,Commercial Property,2025-05-29,2026-05-29,4520.32,3746.89,Bound
POL-10406,PC-365618,Homeowners,2024-10-12,2025-10-12,4954.32,4388.33,Bound
POL-10407,PC-474314,Personal Auto,2024-09-11,2025-09-11,3963.82,3162.24,Bound
POL-10408,PC-230521,Personal Auto,2025-02-16,2026-02-16,4436.35,3695.4,Bound
POL-10409,PC-561097,General Liability,2025-03-31,2026-03-31,2635.2,2239.93,Bound
POL-10410,PC-825686,Homeowners,2024-12-12,2025-12-12,2223.95,1771.83,Bound
POL-10411,PC-379676,Homeowners,2025-06-06,2026-06-06,2342.86,2224.13,Bound
POL-10412,PC-731718,Personal Auto,2025-05-13,2026-05-13,3853.74,2966.35,Bound
POL-10413,PC-183958,Commercial Property,2025-04-14,2026-04-14,3090.99,2566.46,Bound
POL-10414,PC-731894,General Liability,2024-11-01,2025-11-01,3575.86,2955.89,Bound
POL-10415,PC-568849,Homeowners,2024-10-23,2025-10-23,1499.91,1291.39,Bound
POL-10416,PC-744718,Personal Auto,2024-08-20,2025-08-20,3852.62,3767.48,Bound
POL-10417,PC-160144,Homeowners,2024-11-09,2025-11-09,1953.13,1943.38,Bound
POL-10418,PC-638009,Personal Auto,2025-02-01,2026-02-01,3618.97,3081.74,Bound
POL-10419,PC-737086,Commercial Property,2025-06-18,2026-06-18,4801.72,3772.69,Bound
POL-10420,PC-916332,Homeowners,2024-09-07,2025-09-07,946.16,725.52,Bound
POL-10421,PC-133958,General Liability,2025-01-10,2026-01-10,2321.03,2291.71,Bound
POL-10422,PC-490084,Commercial Property,2025-03-29,2026-03-29,3652.06,3605.34,Bound
POL-10423,PC-655178,Homeowners,2024-10-21,2025-10-21,4004.95,3578.34,Bound
POL-10424,PC-361736,General Liability,2025-04-23,2026-04-23,2471.74,2255.19,Bound
POL-10425,PC-642895,Personal Auto,2025-02-08,2026-02-08,908.84,723.9,Bound
POL-10426,PC-912609,Homeowners,2024-11-09,2025-11-09,4636.88,3614.17,Bound
POL-10427,PC-741599,General Liability,2025-04-08,2026-04-08,3756.96,3019.25,Bound
POL-10428,PC-309902,General Liability,2024-08-14,2025-08-14,3714.72,3713.45,Bound
POL-10429,PC-281043,Personal Auto,2025-05-13,2026-05-13,1370.06,1052.91,Bound
POL-10430,PC-986593,Homeowners,2025-05-20,2026-05-20,4988.5,4752.19,Bound
POL-10431,PC-676713,General Liability,2024-09-19,2025-09-19,3604.93,3343.16,Bound
POL-10432,PC-846385,General Liability,2025-01-14,2026-01-14,4543.59,4374.75,Bound
POL-10433,PC-227257,Commercial Property,2024-10-15,2025-10-15,4133.52,3625.88,Bound
POL-10434,PC-618019,Commercial Property,2025-07-27,2026-07-27,4126.68,3339.24,Bound
POL-10435,PC-590110,Personal Auto,2025-02-17,2026-02-17,2315.77,2068.14,Bound
POL-10436,PC-424314,Commercial Property,2024-08-30,2025-08-30,3370.18,2600.28,Bound
POL-10437,PC-651231,Homeowners,2024-11-10,2025-11-10,4998.3,4647.01,Bound
POL-10438,PC-177333,Homeowners,2025-06-17,2026-06-17,4030.49,3852.48,Bound
POL-10439,PC-571832,Commercial Property,2025-01-25,2026-01-25,4883.99,4447.29,Bound
POL-10440,PC-969325,Homeowners,2025-05-31,2026-05-31,3656.46,3057.27,Bound
POL-10441,PC-627290,Commercial Property,2025-04-12,2026-04-12,4024.68,3148.34,Bound
POL-10442,PC-418897,Personal Auto,2025-08-07,2026-08-07,4291.84,3774.78,Bound
POL-10443,PC-336422,Commercial Property,2025-03-17,2026-03-17,1480.26,1456.11,Bound
POL-10444,PC-397846,General Liability,2025-07-24,2026-07-24,4779.43,4204.58,Bound
POL-10445,PC-677599,Personal Auto,2025-07-03,2026-07-03,1852.54,1683.52,Bound
POL-10446,PC-659392,General Liability,2025-03-23,2026-03-23,1325.72,1094.66,Bound
POL-10447,PC-708851,Personal Auto,2025-05-01,2026-05-01,2910.81,2305.82,Bound
POL-10448,PC-734534,Commercial Property,2025-02-12,2026-02-12,1519.04,1376.43,Bound
POL-10449,PC-965322,General Liability,2025-06-11,2026-06-11,4338.63,3865.31,Bound
POL-10450,PC-908475,Personal Auto,2025-02-27,2026-02-27,1141.14,1126.46,Bound
POL-10451,PC-536822,General Liability,2025-07-05,2026-07-05,3534.75,3328.81,Bound
POL-10452,PC-403742,Personal Auto,2025-05-10,2026-05-10,2891.76,2622.22,Bound
POL-10453,PC-818264,General Liability,2025-02-01,2026-02-01,2828.37,2690.27,Bound
POL-10454,PC-162823,Homeowners,2024-11-14,2025-11-14,2049.22,1574.3,Bound
POL-10455,PC-313933,Commercial Property,2024-11-10,2025-11-10,2646.34,2305.13,Bound
POL-10456,PC-853258,General Liability,2025-04-01,2026-04-01,3347.97,2772.61,Bound
POL-10457,PC-518084,General Liability,2025-05-18,2026-05-18,3883.64,3748.47,Bound
POL-10458,PC-211341,Commercial Property,2025-02-18,2026-02-18,3994.79,3510.4,Bound
POL-10459,PC-571435,General Liability,2025-03-28,2026-03-28,1815.3,1417.08,Bound
POL-10460,PC-502810,Commercial Property,2024-11-20,2025-11-20,1391.69,1061.37,Bound
POL-10461,PC-267457,Homeowners,2024-09-09,2025-09-09,1842.74,1780.69,Bound
POL-10462,PC-299055,General Liability,2024-11-24,2025-11-24,4721.76,4392.57,Bound
POL-10463,PC-622987,Commercial Property,2024-11-19,2025-11-19,2892.72,2541.78,Bound
POL-10464,PC-512344,General Liability,2024-12-06,2025-12-06,2888.96,2231.76,Bound
POL-10465,PC-470037,Homeowners,2025-02-25,2026-02-25,4860.08,3906.46,Bound
POL-10466,PC-983791,Personal Auto,2024-10-01,2025-10-01,1012.27,884.44,Bound
POL-10467,PC-212718,Homeowners,2024-11-04,2025-11-04,2000.14,1504.19,Bound
POL-10468,PC-483545,Homeowners,2025-04-22,2026-04-22,1362.53,1111.99,Bound
POL-10469,PC-697983,Homeowners,2025-04-26,2026-04-26,2336.94,1986.74,Bound
POL-10470,PC-505116,Commercial Property,2024-09-04,2025-09-04,2322.6,1909.53,Bound
POL-10471,PC-753516,Homeowners,2025-01-07,2026-01-07,4010.5,3288.33,Bound
POL-10472,PC-491326,Personal Auto,2025-02-26,2026-02-26,1340.39,1037.69,Bound
POL-10473,PC-251275,General Liability,2025-01-10,2026-01-10,3142.89,2644.43,Bound
POL-10474,PC-142210,Commercial Property,2024-10-26,2025-10-26,3330.34,2831.94,Bound
POL-10475,PC-943019,Personal Auto,2025-01-12,2026-01-12,963.44,894.46,Bound
POL-10476,PC-640546,Homeowners,2025-07-08,2026-07-08,2981.2,2346.91,Bound
POL-10477,PC-270395,Commercial Property,2025-03-13,2026-03-13,2177.46,1966.83,Bound
POL-10478,PC-413769,Homeowners,2025-04-22,2026-04-22,4960.59,4637.31,Bound
POL-10479,PC-613641,General Liability,2025-06-20,2026-06-20,2930.72,2571.5,Bound
POL-10480,PC-447329,General Liability,2025-05-18,2026-05-18,2794.55,2107.54,Bound
POL-10481,PC-935457,Personal Auto,2024-12-28,2025-12-28,4915.57,4403.98,Bound
POL-10482,PC-787436,Personal Auto,2024-08-14,2025-08-14,3307.02,2699.79,Bound
POL-10483,PC-278794,Commercial Property,2024-12-18,2025-12-18,3829.88,3431.12,Bound
POL-10484,PC-133104,Homeowners,2025-05-14,2026-05-14,1420.66,1307.27,Bound
POL-10485,PC-539122,Personal Auto,2025-06-19,2026-06-19,1601.29,1377.53,Bound
POL-10486,PC-626195,Commercial Property,2025-07-26,2026-07-26,2534.43,2030.01,Bound
POL-10487,PC-165306,Homeowners,2025-01-11,2026-01-11,4465.83,4170.9,Bound
POL-10488,PC-794395,Commercial Property,2025-05-11,2026-05-11,2978.47,2651.5,Bound
POL-10489,PC-281594,Homeowners,2025-02-27,2026-02-27,3007.0,2491.11,Bound
POL-10490,PC-471496,Homeowners,2025-03-20,2026-03-20,4630.92,3869.51,Bound
POL-10491,PC-358494,General Liability,2024-10-31,2025-10-31,3362.32,2683.35,Bound
POL-10492,PC-412071,General Liability,2024-10-31,2025-10-31,3143.96,2534.71,Bound
POL-10493,PC-612756,General Liability,2025-01-18,2026-01-18,3760.58,3469.36,Bound
POL-10494,PC-934042,General Liability,2024-08-22,2025-08-22,2815.17,2505.84,Bound
POL-10495,PC-669576,General Liability,2024-12-12,2025-12-12,2008.72,1794.53,Bound
POL-10496,PC-461899,Homeowners,2025-04-16,2026-04-16,4562.19,3871.63,Bound
POL-10497,PC-848831,Commercial Property,2025-01-06,2026-01-06,2019.9,1660.17,Bound
POL-10498,PC-368900,Personal Auto,2024-10-11,2025-10-11,2254.73,1940.41,Bound
POL-10499,PC-384303,Homeowners,2025-01-29,2026-01-29,1698.74,1625.67,Bound
POL-10500,PC-715336,General Liability,2024-09-27,2025-09-27,1376.55,1244.29,Bound
POL-10501,PC-656837,Commercial Property,2025-03-27,2026-03-27,1818.32,1668.23,Bound
POL-10502,PC-533377,Commercial Property,2024-08-21,2025-08-21,3479.37,2655.19,Bound
POL-10503,PC-908206,General Liability,2025-01-02,2026-01-02,3812.9,2955.52,Bound
POL-10504,PC-265613,Commercial Property,2025-03-06,2026-03-06,821.76,729.38,Bound
POL-10505,PC-598807,Homeowners,2024-08-21,2025-08-21,3542.15,3436.46,Bound
POL-10506,PC-401198,Homeowners,2025-04-03,2026-04-03,3532.26,3316.71,Bound
POL-10507,PC-906066,General Liability,2024-09-30,2025-09-30,1998.74,1528.62,Bound
POL-10508,PC-874568,Personal Auto,2025-01-27,2026-01-27,3539.65,2860.23,Bound
POL-10509,PC-978292,Personal Auto,2024-08-30,2025-08-30,4635.56,3679.55,Bound
POL-10510,PC-976822,Commercial Property,2024-12-28,2025-12-28,4722.47,3584.76,Bound
POL-10511,PC-885386,Homeowners,2024-10-28,2025-10-28,4109.43,3273.48,Bound
POL-10512,PC-695551,General Liability,2024-12-09,2025-12-09,4482.32,3372.12,Bound
POL-10513,PC-576419,Personal Auto,2025-05-16,2026-05-16,4699.51,3918.27,Bound
POL-10514,PC-628705,Homeowners,2024-12-28,2025-12-28,4534.89,3553.31,Bound
POL-10515,PC-446747,Homeowners,2025-05-13,2026-05-13,1945.92,1852.91,Bound
POL-10516,PC-853504,Commercial Property,2025-06-11,2026-06-11,3870.7,3530.35,Bound
POL-10517,PC-409355,Commercial Property,2024-11-12,2025-11-12,859.15,716.77,Bound
POL-10518,PC-525187,Commercial Property,2024-09-10,2025-09-10,1537.08,1481.8,Bound
POL-10519,PC-801765,Homeowners,2024-08-19,2025-08-19,2964.18,2287.41,Bound
POL-10520,PC-439320,Personal Auto,2025-02-24,2026-02-24,1576.08,1237.46,Bound
POL-10521,PC-568436,Commercial Property,2025-08-11,2026-08-11,828.69,700.98,Bound
POL-10522,PC-857997,General Liability,2024-12-17,2025-12-17,4806.95,3968.07,Bound
POL-10523,PC-347781,Personal Auto,2025-04-06,2026-04-06,1898.52,1594.54,Bound
POL-10524,PC-267475,Personal Auto,2025-05-24,2026-05-24,3604.7,3122.93,Bound
POL-10525,PC-837733,Homeowners,2025-04-06,2026-04-06,3681.51,3610.74,Bound
POL-10526,PC-409369,General Liability,2025-05-14,2026-05-14,3699.22,3365.1,Bound
POL-10527,PC-240057,General Liability,2025-07-24,2026-07-24,3381.43,2721.31,Bound
POL-10528,PC-735163,Homeowners,2024-10-23,2025-10-23,1443.38,1352.35,Bound
POL-10529,PC-593699,General Liability,2024-08-19,2025-08-19,2546.55,2259.58,Bound
POL-10530,PC-724756,Commercial Property,2024-10-06,2025-10-06,3999.81,3680.17,Bound
POL-10531,PC-479358,Personal Auto,2024-09-27,2025-09-27,3007.13,2652.42,Bound
POL-10532,PC-969032,Personal Auto,2025-04-13,2026-04-13,4652.43,3619.83,Bound
POL-10533,PC-444056,Commercial Property,2025-03-05,2026-03-05,3205.35,2524.09,Bound
POL-10534,PC-711474,Homeowners,2024-10-30,2025-10-30,1288.21,1032.31,Bound
POL-10535,PC-947975,Homeowners,2025-04-24,2026-04-24,1181.95,1037.27,Bound
POL-10536,PC-578987,Personal Auto,2025-05-18,2026-05-18,2704.42,2375.32,Bound
POL-10537,PC-423139,Personal Auto,2024-10-12,2025-10-12,3146.95,2889.5,Bound
POL-10538,PC-882032,Personal Auto,2025-03-21,2026-03-21,2462.98,2349.96,Bound
POL-10539,PC-461264,Commercial Property,2025-05-11,2026-05-11,3228.91,2458.24,Bound
POL-10540,PC-172371,Personal Auto,2024-09-22,2025-09-22,3072.89,2350.96,Bound
POL-10541,PC-906325,Homeowners,2025-06-07,2026-06-07,933.29,795.37,Bound
POL-10542,PC-777255,Commercial Property,2025-07-30,2026-07-30,4016.48,3994.72,Bound
POL-10543,PC-570325,Homeowners,2024-09-20,2025-09-20,2372.74,2308.28,Bound
POL-10544,PC-793939,Homeowners,2024-08-21,2025-08-21,2377.71,2189.12,Bound
POL-10545,PC-287143,Commercial Property,2024-12-03,2025-12-03,3544.84,2966.83,Bound
POL-10546,PC-333507,Homeowners,2025-04-16,2026-04-16,3021.14,2815.6,Bound
POL-10547,PC-585494,Personal Auto,2025-07-27,2026-07-27,3975.95,3954.57,Bound
POL-10548,PC-359535,Homeowners,2025-01-03,2026-01-03,3034.12,2900.13,Bound
POL-10549,PC-860242,Homeowners,2025-04-29,2026-04-29,2253.87,1845.72,Bound
POL-10550,PC-744793,Personal Auto,2024-09-08,2025-09-08,935.31,855.85,Bound
POL-10551,PC-722795,Personal Auto,2025-04-21,2026-04-21,1810.8,1388.56,Bound
POL-10552,PC-151040,Personal Auto,2025-03-28,2026-03-28,2675.05,2455.71,Bound
POL-10553,PC-345722,Commercial Property,2024-09-18,2025-09-18,3910.27,3325.94,Bound
POL-10554,PC-246942,Commercial Property,2025-05-20,2026-05-20,3968.42,3746.25,Bound
POL-10555,PC-704095,General Liability,2025-06-18,2026-06-18,1783.48,1746.2,Bound
POL-10556,PC-958136,General Liability,2025-03-19,2026-03-19,3225.39,3041.98,Bound
POL-10557,PC-792282,General Liability,2024-09-25,2025-09-25,1795.0,1739.47,Bound
POL-10558,PC-683761,Commercial Property,2025-08-06,2026-08-06,2536.95,2077.23,Bound
POL-10559,PC-619696,Commercial Property,2025-05-24,2026-05-24,3429.17,2938.11,Bound
POL-10560,PC-803953,Personal Auto,2024-12-16,2025-12-16,4883.62,4812.3,Bound
POL-10561,PC-536548,Homeowners,2025-01-15,2026-01-15,4100.38,3402.02,Bound
POL-10562,PC-891062,Homeowners,2024-12-25,2025-12-25,1426.71,1204.31,Bound
POL-10563,PC-999197,Homeowners,2025-02-12,2026-02-12,1812.07,1461.14,Bound
POL-10564,PC-689704,Commercial Property,2024-12-14,2025-12-14,4184.26,4095.07,Bound
POL-10565,PC-240606,Homeowners,2025-06-18,2026-06-18,4864.7,4326.28,Bound
POL-10566,PC-778120,Homeowners,2025-06-08,2026-06-08,1820.01,1457.53,Bound
POL-10567,PC-196955,Personal Auto,2024-09-19,2025-09-19,4673.35,4494.75,Bound
POL-10568,PC-734356,Commercial Property,2025-07-28,2026-07-28,1016.45,858.18,Bound
POL-10569,PC-898696,Personal Auto,2025-03-31,2026-03-31,4469.21,3562.14,Bound
POL-10570,PC-449138,Commercial Property,2025-06-10,2026-06-10,2813.46,2721.65,Bound
POL-10571,PC-299254,General Liability,2025-04-27,2026-04-27,4819.48,3633.09,Bound
POL-10572,PC-354377,Personal Auto,2025-01-17,2026-01-17,3936.89,3695.1,Bound
POL-10573,PC-437237,Commercial Property,2025-05-06,2026-05-06,2465.85,1996.93,Bound
POL-10574,PC-476710,General Liability,2025-07-30,2026-07-30,2398.78,2119.11,Bound
POL-10575,PC-621433,General Liability,2024-11-18,2025-11-18,1898.56,1667.32,Bound
POL-10576,PC-592296,Homeowners,2025-06-02,2026-06-02,1214.15,1208.48,Bound
POL-10577,PC-534037,General Liability,2025-02-24,2026-02-24,4640.19,3910.18,Bound
POL-10578,PC-253011,Personal Auto,2025-02-04,2026-02-04,3162.6,2546.9,Bound
POL-10579,PC-707275,Personal Auto,2025-01-17,2026-01-17,1895.25,1864.34,Bound
POL-10580,PC-341192,Homeowners,2025-05-05,2026-05-05,2039.81,1629.91,Bound
POL-10581,PC-677390,Homeowners,2024-11-17,2025-11-17,3193.12,2591.0,Bound
POL-10582,PC-858705,General Liability,2025-06-18,2026-06-18,1880.77,1796.88,Bound
POL-10583,PC-469283,Homeowners,2025-06-11,2026-06-11,2735.48,2552.73,Bound
POL-10584,PC-292988,Commercial Property,2024-09-12,2025-09-12,1387.83,1230.5,Bound
POL-10585,PC-177941,Personal Auto,2025-06-29,2026-06-29,3000.57,2879.85,Bound
POL-10586,PC-983472,Personal Auto,2024-11-09,2025-11-09,4010.22,3421.11,Bound
POL-10587,PC-329344,Commercial Property,2025-01-28,2026-01-28,1085.47,855.09,Bound
POL-10588,PC-799143,Homeowners,2025-03-22,2026-03-22,2367.44,2141.25,Bound
POL-10589,PC-658065,Homeowners,2024-12-28,2025-12-28,3568.99,2690.78,Bound
POL-10590,PC-388086,Homeowners,2024-08-22,2025-08-22,849.77,749.8,Bound
POL-10591,PC-806774,General Liability,2025-06-18,2026-06-18,872.0,831.27,Bound
POL-10592,PC-212214,Homeowners,2024-10-17,2025-10-17,4185.9,4091.48,Bound
POL-10593,PC-749887,Personal Auto,2024-10-28,2025-10-28,3002.42,2432.69,Bound
POL-10594,PC-516176,General Liability,2025-05-30,2026-05-30,4223.9,3450.21,Bound
POL-10595,PC-692447,Personal Auto,2024-12-14,2025-12-14,2366.82,2015.36,Bound
POL-10596,PC-817269,Commercial Property,2025-06-29,2026-06-29,4958.98,3999.24,Bound
POL-10597,PC-896483,Personal Auto,2025-04-24,2026-04-24,3545.69,3420.01,Bound
POL-10598,PC-679549,Personal Auto,2024-11-20,2025-11-20,1192.7,1007.61,Bound
POL-10599,PC-279708,Homeowners,2024-08-15,2025-08-15,1035.68,779.21,Bound
POL-10600,PC-922478,Personal Auto,2025-07-24,2026-07-24,2899.41,2489.08,Bound
POL-10601,PC-199994,General Liability,2024-09-12,2025-09-12,3176.6,3063.8,Bound
POL-10602,PC-825916,Personal Auto,2025-05-01,2026-05-01,1765.02,1721.46,Bound
POL-10603,PC-817675,Homeowners,2025-02-06,2026-02-06,1938.6,1901.84,Bound
POL-10604,PC-134500,General Liability,2025-05-15,2026-05-15,4577.11,4077.64,Bound
POL-10605,PC-317221,Commercial Property,2025-04-21,2026-04-21,4700.82,3895.2,Bound
POL-10606,PC-517643,Commercial Property,2025-04-04,2026-04-04,3959.47,3675.09,Bound
POL-10607,PC-694223,Personal Auto,2025-02-07,2026-02-07,2056.96,1832.73,Bound
POL-10608,PC-502491,Homeowners,2025-05-28,2026-05-28,3643.55,3225.05,Bound
POL-10609,PC-182237,Commercial Property,2024-09-14,2025-09-14,4120.09,3800.07,Bound
POL-10610,PC-979414,General Liability,2024-10-31,2025-10-31,1025.53,881.21,Bound
POL-10611,PC-724540,Personal Auto,2025-04-21,2026-04-21,2230.49,2101.68,Bound
POL-10612,PC-764926,Homeowners,2024-12-01,2025-12-01,4869.47,4049.42,Bound
POL-10613,PC-339220,General Liability,2025-03-12,2026-03-12,4090.9,3528.96,Bound
POL-10614,PC-294760,General Liability,2025-01-31,2026-01-31,3122.76,2635.16,Bound
POL-10615,PC-936821,Homeowners,2025-02-21,2026-02-21,1159.92,1049.33,Bound
POL-10616,PC-261712,Commercial Property,2025-01-14,2026-01-14,3795.06,2924.13,Bound
POL-10617,PC-875584,Homeowners,2025-05-11,2026-05-11,3789.04,3442.25,Bound
POL-10618,PC-105447,Homeowners,2024-12-10,2025-12-10,2130.05,1654.28,Bound
POL-10619,PC-207197,General Liability,2025-04-25,2026-04-25,2667.89,2508.71,Bound
POL-10620,PC-684041,Commercial Property,2024-11-18,2025-11-18,1166.65,1000.69,Bound
POL-10621,PC-681141,Homeowners,2024-11-11,2025-11-11,1233.83,953.02,Bound
POL-10622,PC-503951,Personal Auto,2024-09-25,2025-09-25,3307.08,3128.86,Bound
POL-10623,PC-188813,Personal Auto,2024-10-21,2025-10-21,2025.76,1715.72,Bound
POL-10624,PC-499226,Commercial Property,2024-09-24,2025-09-24,3202.23,2537.43,Bound
POL-10625,PC-617077,Commercial Property,2025-02-23,2026-02-23,1383.13,1141.47,Bound
POL-10626,PC-541557,Commercial Property,2025-05-17,2026-05-17,1065.72,915.1,Bound
POL-10627,PC-363926,General Liability,2024-10-18,2025-10-18,2833.77,2179.82,Bound
POL-10628,PC-746624,Commercial Property,2024-10-29,2025-10-29,3827.78,3345.29,Bound
POL-10629,PC-107096,Commercial Property,2025-02-04,2026-02-04,2723.02,2134.5,Bound
POL-10630,PC-943135,Homeowners,2025-05-03,2026-05-03,2195.31,1986.86,Bound
POL-10631,PC-963539,General Liability,2025-08-03,2026-08-03,2648.94,2271.87,Bound
POL-10632,PC-829066,Commercial Property,2025-02-19,2026-02-19,2061.83,1857.3,Bound
POL-10633,PC-517584,Commercial Property,2024-11-23,2025-11-23,2811.84,2233.75,Bound
POL-10634,PC-614858,General Liability,2024-09-17,2025-09-17,2024.08,1869.72,Bound
POL-10635,PC-924040,Commercial Property,2024-10-21,2025-10-21,2168.72,1778.51,Bound
POL-10636,PC-309505,Homeowners,2024-11-03,2025-11-03,2333.07,2293.45,Bound
POL-10637,PC-862538,Commercial Property,2024-10-16,2025-10-16,3663.19,3251.17,Bound
POL-10638,PC-936433,Homeowners,2024-08-17,2025-08-17,4760.49,3819.87,Bound
POL-10639,PC-988970,General Liability,2025-02-22,2026-02-22,4291.38,3292.73,Bound
POL-10640,PC-417543,Homeowners,2024-11-20,2025-11-20,3626.51,2846.07,Bound
POL-10641,PC-543681,Commercial Property,2025-08-02,2026-08-02,1861.26,1467.67,Bound
POL-10642,PC-602514,Homeowners,2025-03-01,2026-03-01,1110.65,1108.07,Bound
POL-10643,PC-825309,Homeowners,2025-04-23,2026-04-23,3044.34,2986.11,Bound
POL-10644,PC-476993,Homeowners,2024-09-27,2025-09-27,3083.31,2921.99,Bound
POL-10645,PC-796982,Personal Auto,2025-06-24,2026-06-24,1259.35,1022.66,Bound
POL-10646,PC-690579,General Liability,2025-02-07,2026-02-07,1498.62,1353.51,Bound
POL-10647,PC-934908,Homeowners,2025-06-26,2026-06-26,4860.61,4048.4,Bound
POL-10648,PC-332785,Homeowners,2025-03-09,2026-03-09,1244.97,964.42,Bound
POL-10649,PC-909859,Commercial Property,2025-01-30,2026-01-30,2672.27,2265.51,Bound
POL-10650,PC-209627,Commercial Property,2025-01-19,2026-01-19,2248.86,1700.45,Bound
POL-10651,PC-221707,General Liability,2024-10-18,2025-10-18,2547.1,2522.73,Bound
POL-10652,PC-922366,Commercial Property,2024-08-30,2025-08-30,2262.98,1891.32,Bound
POL-10653,PC-202365,Commercial Property,2025-07-21,2026-07-21,2988.68,2501.75,Bound
POL-10654,PC-170437,Homeowners,2025-02-02,2026-02-02,3832.37,3307.76,Bound
POL-10655,PC-123682,General Liability,2025-06-08,2026-06-08,987.67,916.26,Bound
POL-10656,PC-272337,General Liability,2025-01-05,2026-01-05,3521.47,3237.23,Bound
POL-10657,PC-447067,Commercial Property,2024-09-08,2025-09-08,2967.17,2634.78,Bound
POL-10658,PC-524723,Homeowners,2025-03-29,2026-03-29,4825.54,3898.86,Bound
POL-10659,PC-514798,Commercial Property,2024-08-31,2025-08-31,1582.83,1447.22,Bound
POL-10660,PC-571413,Personal Auto,2024-10-05,2025-10-05,3897.03,3783.14,Bound
POL-10661,PC-315780,Homeowners,2025-03-05,2026-03-05,2433.11,2253.51,Bound
POL-10662,PC-165602,General Liability,2024-11-30,2025-11-30,3959.77,3770.42,Bound
POL-10663,PC-483561,Personal Auto,2025-08-09,2026-08-09,4157.91,3676.52,Bound
POL-10664,PC-803281,General Liability,2024-09-24,2025-09-24,1627.71,1267.15,Bound
POL-10665,PC-725969,Homeowners,2025-05-18,2026-05-18,3016.4,2744.25,Bound
POL-10666,PC-464825,Homeowners,2025-03-21,2026-03-21,3367.5,3019.81,Bound
POL-10667,PC-953266,General Liability,2025-05-27,2026-05-27,4351.17,3934.94,Bound
POL-10668,PC-804758,General Liability,2024-11-02,2025-11-02,4658.47,4181.17,Bound
POL-10669,PC-222629,Commercial Property,2025-02-18,2026-02-18,2115.38,1712.7,Bound
POL-10670,PC-507333,Commercial Property,2025-01-23,2026-01-23,2367.89,1859.6,Bound
POL-10671,PC-543588,Homeowners,2025-01-20,2026-01-20,3304.99,2953.67,Bound
POL-10672,PC-776604,Commercial Property,2025-06-21,2026-06-21,2844.01,2515.09,Bound
POL-10673,PC-247111,Commercial Property,2025-08-08,2026-08-08,3130.63,2731.19,Bound
POL-10674,PC-156215,Commercial Property,2024-12-01,2025-12-01,2121.24,1830.1,Bound
POL-10675,PC-304607,General Liability,2025-03-26,2026-03-26,4797.74,4179.56,Bound
POL-10676,PC-619013,Homeowners,2025-03-22,2026-03-22,4848.08,4248.66,Bound
POL-10677,PC-980690,Homeowners,2025-05-09,2026-05-09,3675.73,3138.73,Bound
POL-10678,PC-132359,Homeowners,2025-07-23,2026-07-23,2852.54,2198.36,Bound
POL-10679,PC-663723,Commercial Property,2024-10-26,2025-10-26,2026.78,1659.35,Bound
POL-10680,PC-878586,General Liability,2024-10-28,2025-10-28,1506.48,1302.1,Bound
POL-10681,PC-219754,Homeowners,2025-04-10,2026-04-10,3108.85,2419.63,Bound
POL-10682,PC-484682,General Liability,2024-10-08,2025-10-08,4055.47,3876.3,Bound
POL-10683,PC-329157,Personal Auto,2024-10-14,2025-10-14,3992.02,3434.5,Bound
POL-10684,PC-887842,Homeowners,2024-09-08,2025-09-08,1230.15,1177.89,Bound
POL-10685,PC-571578,Commercial Property,2024-08-12,2025-08-12,2050.38,2050.03,Bound
POL-10686,PC-560398,General Liability,2025-01-23,2026-01-23,2264.02,2160.29,Bound
POL-10687,PC-950083,Personal Auto,2025-03-16,2026-03-16,4057.65,3283.6,Bound
POL-10688,PC-548965,General Liability,2024-11-26,2025-11-26,4416.4,3986.09,Bound
POL-10689,PC-953047,Commercial Property,2024-11-04,2025-11-04,3387.84,3205.62,Bound
POL-10690,PC-658136,Commercial Property,2025-04-27,2026-04-27,4182.85,3733.27,Bound
POL-10691,PC-838253,General Liability,2025-04-25,2026-04-25,3306.8,2619.3,Bound
POL-10692,PC-999695,General Liability,2025-01-24,2026-01-24,2015.2,1646.09,Bound
POL-10693,PC-531589,Personal Auto,2025-04-19,2026-04-19,1369.47,1283.91,Bound
POL-10694,PC-233051,Personal Auto,2025-07-15,2026-07-15,4968.44,4803.3,Bound
POL-10695,PC-968726,Commercial Property,2025-05-26,2026-05-26,1848.64,1715.26,Bound
POL-10696,PC-613234,Commercial Property,2025-03-28,2026-03-28,3998.19,3674.57,Bound
POL-10697,PC-534346,Commercial Property,2025-04-10,2026-04-10,3225.19,2635.56,Bound
POL-10698,PC-906233,Homeowners,2025-07-18,2026-07-18,2698.37,2451.22,Bound
POL-10699,PC-828449,Personal Auto,2025-01-14,2026-01-14,2491.97,2336.1,Bound
POL-10700,PC-710224,General Liability,2025-02-26,2026-02-26,2709.72,2362.91,Bound
POL-10701,PC-197666,Personal Auto,2025-04-05,2026-04-05,4449.41,4279.41,Bound
POL-10702,PC-991401,Homeowners,2025-07-09,2026-07-09,3466.33,3204.01,Bound
POL-10703,PC-550513,Personal Auto,2025-06-09,2026-06-09,4141.85,3518.21,Bound
POL-10704,PC-397368,Commercial Property,2024-09-07,2025-09-07,2877.8,2390.64,Bound
POL-10705,PC-993829,General Liability,2024-10-11,2025-10-11,3098.7,2425.19,Bound
POL-10706,PC-899281,Homeowners,2024-12-02,2025-12-02,4110.88,4002.1,Bound
POL-10707,PC-977345,Personal Auto,2025-05-12,2026-05-12,992.96,900.16,Bound
POL-10708,PC-265657,Homeowners,2025-03-07,2026-03-07,868.38,853.06,Bound
POL-10709,PC-548580,Homeowners,2024-11-25,2025-11-25,2717.38,2711.84,Bound
POL-10710,PC-781571,Commercial Property,2024-09-26,2025-09-26,4981.92,4869.09,Bound
POL-10711,PC-387330,General Liability,2025-04-20,2026-04-20,1467.71,1443.03,Bound
POL-10712,PC-489906,Personal Auto,2025-04-24,2026-04-24,3549.27,2884.13,Bound
POL-10713,PC-861253,Commercial Property,2025-07-22,2026-07-22,1017.51,922.27,Bound
POL-10714,PC-199807,Commercial Property,2025-02-10,2026-02-10,2602.77,2011.42,Bound
POL-10715,PC-722518,Personal Auto,2025-02-08,2026-02-08,1696.37,1305.33,Bound
POL-10716,PC-108454,Commercial Property,2024-09-10,2025-09-10,2981.67,2568.01,Bound
POL-10717,PC-542828,General Liability,2024-08-26,2025-08-26,4231.86,4219.33,Bound
POL-10718,PC-193670,Commercial Property,2025-01-16,2026-01-16,2806.34,2265.38,Bound
POL-10719,PC-413791,Personal Auto,2024-12-07,2025-12-07,1233.45,1038.43,Bound
POL-10720,PC-239613,Commercial Property,2024-11-11,2025-11-11,2407.43,2295.1,Bound
POL-10721,PC-739966,Commercial Property,2024-09-14,2025-09-14,1087.33,968.62,Bound
POL-10722,PC-758589,Commercial Property,2025-07-29,2026-07-29,2648.42,2464.64,Bound
POL-10723,PC-563873,Commercial Property,2025-06-13,2026-06-13,4663.56,4215.95,Bound
POL-10724,PC-888996,Commercial Property,2025-03-09,2026-03-09,1164.09,902.31,Bound
POL-10725,PC-550246,Personal Auto,2025-07-25,2026-07-25,3276.21,2771.7,Bound
POL-10726,PC-775933,General Liability,2025-08-11,2026-08-11,4122.52,3347.27,Bound
POL-10727,PC-856211,Personal Auto,2025-04-14,2026-04-14,1842.3,1658.53,Bound
POL-10728,PC-989079,General Liability,2024-11-18,2025-11-18,4071.67,3756.6,Bound
POL-10729,PC-297810,General Liability,2024-08-26,2025-08-26,1662.87,1499.46,Bound
POL-10730,PC-932336,Homeowners,2025-05-15,2026-05-15,2041.28,1558.81,Bound
POL-10731,PC-623850,Commercial Property,2025-01-30,2026-01-30,2878.53,2240.03,Bound
POL-10732,PC-478638,Personal Auto,2025-04-06,2026-04-06,3018.8,3001.97,Bound
POL-10733,PC-695990,General Liability,2025-07-12,2026-07-12,1354.33,1307.2,Bound
POL-10734,PC-899776,Homeowners,2024-10-17,2025-10-17,2334.73,2149.67,Bound
POL-10735,PC-117500,Homeowners,2025-03-13,2026-03-13,4808.7,4532.64,Bound
POL-10736,PC-163406,Personal Auto,2025-03-31,2026-03-31,857.93,689.72,Bound
POL-10737,PC-625387,Homeowners,2025-02-07,2026-02-07,2927.76,2655.9,Bound
POL-10738,PC-771652,Homeowners,2024-09-14,2025-09-14,2579.02,2193.64,Bound
POL-10739,PC-636141,Commercial Property,2024-12-17,2025-12-17,1965.36,1626.29,Bound
POL-10740,PC-442622,Commercial Property,2024-12-11,2025-12-11,4892.12,3859.12,Bound
POL-10741,PC-781406,Homeowners,2025-04-13,2026-04-13,3263.04,3069.89,Bound
POL-10742,PC-987586,Personal Auto,2025-06-21,2026-06-21,2102.71,1807.01,Bound
POL-10743,PC-555589,Commercial Property,2024-12-10,2025-12-10,1043.2,804.88,Bound
POL-10744,PC-424314,Personal Auto,2025-04-22,2026-04-22,2704.16,2439.72,Bound
POL-10745,PC-835575,Commercial Property,2024-11-25,2025-11-25,1301.66,1206.61,Bound
POL-10746,PC-648410,Personal Auto,2025-07-22,2026-07-22,1488.1,1470.62,Bound
POL-10747,PC-919067,General Liability,2025-06-04,2026-06-04,1501.24,1173.57,Bound
POL-10748,PC-130782,General Liability,2025-02-28,2026-02-28,3878.33,3023.21,Bound
POL-10749,PC-166974,General Liability,2025-01-25,2026-01-25,4189.85,3427.28,Bound
POL-10750,PC-180813,General Liability,2024-12-04,2025-12-04,3791.76,3390.45,Bound
POL-10751,PC-623879,Homeowners,2024-12-07,2025-12-07,2711.83,2278.02,Bound
POL-10752,PC-207903,Commercial Property,2025-08-01,2026-08-01,2344.29,1907.73,Bound
POL-10753,PC-146177,Personal Auto,2025-01-06,2026-01-06,1759.3,1543.27,Bound
POL-10754,PC-501583,Personal Auto,2025-02-15,2026-02-15,1827.12,1585.83,Bound
POL-10755,PC-137081,Commercial Property,2025-08-07,2026-08-07,1551.64,1536.26,Bound
POL-10756,PC-855276,Homeowners,2025-04-09,2026-04-09,1742.96,1415.4,Bound
POL-10757,PC-490917,General Liability,2025-02-26,2026-02-26,1939.28,1492.22,Bound
POL-10758,PC-288056,Personal Auto,2025-01-09,2026-01-09,2908.57,2837.27,Bound
POL-10759,PC-520400,Commercial Property,2024-10-19,2025-10-19,4178.22,4158.81,Bound
POL-10760,PC-911102,Personal Auto,2024-12-22,2025-12-22,4483.36,4333.2,Bound
POL-10761,PC-108356,General Liability,2025-05-15,2026-05-15,2174.66,1931.69,Bound
POL-10762,PC-418672,General Liability,2025-03-28,2026-03-28,1642.82,1463.67,Bound
POL-10763,PC-617326,Commercial Property,2025-05-16,2026-05-16,2748.49,2467.93,Bound
POL-10764,PC-934638,Commercial Property,2024-10-25,2025-10-25,3876.35,3436.93,Bound
POL-10765,PC-125071,Commercial Property,2025-02-28,2026-02-28,1432.38,1408.17,Bound
POL-10766,PC-827146,Commercial Property,2025-07-16,2026-07-16,3074.49,2794.67,Bound
POL-10767,PC-789233,Personal Auto,2025-01-18,2026-01-18,4794.16,3597.37,Bound
POL-10768,PC-208998,Homeowners,2025-04-23,2026-04-23,4365.83,4068.1,Bound
POL-10769,PC-615929,Commercial Property,2024-09-25,2025-09-25,3025.22,2449.04,Bound
POL-10770,PC-393418,Personal Auto,2025-08-02,2026-08-02,4884.75,3837.43,Bound
POL-10771,PC-986575,Personal Auto,2025-03-22,2026-03-22,984.38,795.25,Bound
POL-10772,PC-884229,Homeowners,2024-11-07,2025-11-07,3743.56,3156.28,Bound
POL-10773,PC-768169,Personal Auto,2024-10-08,2025-10-08,3239.24,2838.73,Bound
POL-10774,PC-556112,Homeowners,2025-03-01,2026-03-01,1114.29,993.9,Bound
POL-10775,PC-430310,Commercial Property,2025-03-01,2026-03-01,1794.44,1462.91,Bound
POL-10776,PC-433507,Homeowners,2024-09-15,2025-09-15,3743.05,3495.4,Bound
POL-10777,PC-312559,Homeowners,2025-08-09,2026-08-09,1942.21,1492.92,Bound
POL-10778,PC-262959,Commercial Property,2025-07-11,2026-07-11,4075.74,3652.58,Bound
POL-10779,PC-526259,Personal Auto,2025-01-27,2026-01-27,1490.37,1291.43,Bound
POL-10780,PC-317722,Personal Auto,2024-09-23,2025-09-23,3050.88,3023.91,Bound
POL-10781,PC-225738,Homeowners,2025-06-11,2026-06-11,2094.89,1709.96,Bound
POL-10782,PC-966529,Personal Auto,2025-02-09,2026-02-09,1461.98,1347.23,Bound
POL-10783,PC-255528,Personal Auto,2025-04-30,2026-04-30,1703.09,1642.02,Bound
POL-10784,PC-515492,Personal Auto,2025-02-13,2026-02-13,3786.86,3756.94,Bound
POL-10785,PC-282313,Personal Auto,2024-11-19,2025-11-19,3644.17,2970.15,Bound
POL-10786,PC-682959,Personal Auto,2025-06-12,2026-06-12,4798.81,4624.37,Bound
POL-10787,PC-932369,Commercial Property,2025-08-04,2026-08-04,1197.85,928.9,Bound
POL-10788,PC-918895,Commercial Property,2024-11-08,2025-11-08,1310.1,1002.77,Bound
POL-10789,PC-490321,Commercial Property,2025-03-01,2026-03-01,1349.0,1289.53,Bound
POL-10790,PC-952227,Personal Auto,2024-12-30,2025-12-30,3245.76,2644.34,Bound
POL-10791,PC-777366,Personal Auto,2025-07-14,2026-07-14,891.56,683.04,Bound
POL-10792,PC-988432,Homeowners,2025-02-13,2026-02-13,4199.05,3245.84,Bound
POL-10793,PC-153097,General Liability,2025-06-28,2026-06-28,1314.62,1295.65,Bound
POL-10794,PC-859620,Commercial Property,2025-06-23,2026-06-23,4681.35,4017.95,Bound
POL-10795,PC-547389,Homeowners,2024-11-20,2025-11-20,2883.73,2438.72,Bound
POL-10796,PC-388339,Commercial Property,2025-05-27,2026-05-27,2286.56,2234.14,Bound
POL-10797,PC-743937,General Liability,2025-01-10,2026-01-10,2673.25,2104.27,Bound
POL-10798,PC-677438,Commercial Property,2025-07-19,2026-07-19,3518.57,3077.77,Bound
POL-10799,PC-243902,Homeowners,2025-02-13,2026-02-13,1056.11,865.95,Bound
POL-10800,PC-651356,Homeowners,2025-06-07,2026-06-07,1637.72,1590.49,Bound
POL-10801,PC-933456,Commercial Property,2024-11-23,2025-11-23,3449.17,3278.58,Bound
POL-10802,PC-476556,Personal Auto,2024-11-28,2025-11-28,4955.5,4685.32,Bound
POL-10803,PC-693128,Homeowners,2025-03-14,2026-03-14,3086.97,2689.28,Bound
POL-10804,PC-434367,General Liability,2025-08-11,2026-08-11,2431.2,1932.69,Bound
POL-10805,PC-394579,Commercial Property,2025-02-06,2026-02-06,923.07,879.38,Bound
POL-10806,PC-474795,Personal Auto,2024-10-05,2025-10-05,4196.35,3642.1,Bound
POL-10807,PC-788772,Commercial Property,2025-02-24,2026-02-24,4890.72,3790.47,Bound
POL-10808,PC-872863,Commercial Property,2024-12-15,2025-12-15,1919.41,1831.25,Bound
POL-10809,PC-703656,Personal Auto,2025-03-01,2026-03-01,4009.01,3956.69,Bound
POL-10810,PC-986278,Homeowners,2025-02-26,2026-02-26,2290.18,2198.13,Bound
POL-10811,PC-945372,Commercial Property,2025-01-25,2026-01-25,1539.62,1382.78,Bound
POL-10812,PC-834591,General Liability,2024-12-07,2025-12-07,4638.72,3511.75,Bound
POL-10813,PC-690462,General Liability,2024-10-19,2025-10-19,4779.75,4258.29,Bound
POL-10814,PC-616137,Commercial Property,2025-04-23,2026-04-23,4314.13,4109.64,Bound
POL-10815,PC-158896,General Liability,2025-03-08,2026-03-08,1537.34,1167.6,Bound
POL-10816,PC-601207,Commercial Property,2024-11-05,2025-11-05,3326.98,2511.81,Bound
POL-10817,PC-945619,Personal Auto,2025-05-22,2026-05-22,2193.28,1981.7,Bound
POL-10818,PC-941403,Commercial Property,2024-08-27,2025-08-27,2231.19,1772.38,Bound
POL-10819,PC-838927,General Liability,2025-05-10,2026-05-10,1050.14,826.38,Bound
POL-10820,PC-482614,Commercial Property,2025-04-26,2026-04-26,4052.34,3896.81,Bound
POL-10821,PC-514812,Personal Auto,2025-06-04,2026-06-04,2369.08,2334.68,Bound
POL-10822,PC-265154,Personal Auto,2024-12-30,2025-12-30,2213.56,1838.7,Bound
POL-10823,PC-780714,Homeowners,2025-04-11,2026-04-11,4125.74,4085.17,Bound
POL-10824,PC-827250,General Liability,2025-06-07,2026-06-07,1531.65,1519.68,Bound
POL-10825,PC-283869,General Liability,2025-08-04,2026-08-04,1737.6,1559.04,Bound
POL-10826,PC-233534,Homeowners,2025-02-08,2026-02-08,2088.66,1926.0,Bound
POL-10827,PC-700660,Commercial Property,2024-08-25,2025-08-25,3861.09,3811.66,Bound
POL-10828,PC-695048,Homeowners,2025-02-11,2026-02-11,4373.18,4122.63,Bound
POL-10829,PC-948095,Personal Auto,2025-03-15,2026-03-15,1564.74,1298.04,Bound
POL-10830,PC-620287,Commercial Property,2025-06-25,2026-06-25,3486.52,2705.64,Bound
POL-10831,PC-463656,Commercial Property,2025-06-27,2026-06-27,2190.91,1685.8,Bound
POL-10832,PC-193035,General Liability,2025-01-19,2026-01-19,1505.13,1461.98,Bound
POL-10833,PC-361662,General Liability,2025-02-19,2026-02-19,2675.85,2184.3,Bound
POL-10834,PC-855408,Personal Auto,2025-01-25,2026-01-25,2272.02,2151.05,Bound
POL-10835,PC-540038,Personal Auto,2025-05-02,2026-05-02,1002.22,861.46,Bound
POL-10836,PC-497108,Commercial Property,2025-01-08,2026-01-08,4515.12,3942.92,Bound
POL-10837,PC-602780,General Liability,2025-04-07,2026-04-07,3093.3,2398.41,Bound
POL-10838,PC-986846,Commercial Property,2024-10-07,2025-10-07,1483.16,1139.7,Bound
POL-10839,PC-209812,Personal Auto,2025-01-30,2026-01-30,2038.62,1691.4,Bound
POL-10840,PC-268720,Personal Auto,2025-07-31,2026-07-31,2235.59,2172.96,Bound
POL-10841,PC-197627,Personal Auto,2024-12-13,2025-12-13,3097.59,3018.7,Bound
POL-10842,PC-606186,General Liability,2025-04-21,2026-04-21,3294.93,2976.68,Bound
POL-10843,PC-736818,Personal Auto,2025-04-06,2026-04-06,2611.56,2385.42,Bound
POL-10844,PC-315535,Homeowners,2025-06-18,2026-06-18,1459.84,1131.84,Bound
POL-10845,PC-865433,Commercial Property,2025-06-19,2026-06-19,2518.98,2238.18,Bound
POL-10846,PC-200575,General Liability,2025-06-21,2026-06-21,3574.51,2946.65,Bound
POL-10847,PC-614796,Personal Auto,2024-12-28,2025-12-28,2450.19,2174.34,Bound
POL-10848,PC-191884,Commercial Property,2024-12-05,2025-12-05,1028.92,772.67,Bound
POL-10849,PC-603660,General Liability,2025-05-01,2026-05-01,4260.37,3861.06,Bound
POL-10850,PC-769191,Commercial Property,2025-05-16,2026-05-16,1207.34,967.97,Bound
POL-10851,PC-221119,General Liability,2025-06-26,2026-06-26,4903.64,4258.28,Bound
POL-10852,PC-793150,General Liability,2024-08-25,2025-08-25,4096.48,3554.66,Bound
POL-10853,PC-293862,General Liability,2024-09-05,2025-09-05,1182.77,1047.97,Bound
POL-10854,PC-567429,General Liability,2025-03-30,2026-03-30,4519.07,3806.64,Bound
POL-10855,PC-337232,Personal Auto,2025-07-14,2026-07-14,1905.84,1650.96,Bound
POL-10856,PC-830302,General Liability,2025-08-11,2026-08-11,3169.84,2497.15,Bound
POL-10857,PC-667750,Personal Auto,2025-05-11,2026-05-11,1159.97,969.67,Bound
POL-10858,PC-680493,Homeowners,2025-01-17,2026-01-17,4876.96,4376.74,Bound
POL-10859,PC-538967,Personal Auto,2024-09-16,2025-09-16,4331.35,4134.71,Bound
POL-10860,PC-413369,Homeowners,2025-03-31,2026-03-31,3205.4,2592.88,Bound
POL-10861,PC-136415,Personal Auto,2025-06-26,2026-06-26,2458.18,2368.42,Bound
POL-10862,PC-281276,Commercial Property,2025-01-20,2026-01-20,1305.18,1225.95,Bound
POL-10863,PC-232315,Commercial Property,2025-04-22,2026-04-22,4883.09,4649.26,Bound
POL-10864,PC-556542,Personal Auto,2025-07-07,2026-07-07,2578.17,2570.62,Bound
POL-10865,PC-974625,Commercial Property,2024-08-28,2025-08-28,4988.53,4523.63,Bound
POL-10866,PC-946561,General Liability,2025-05-29,2026-05-29,2142.95,1996.75,Bound
POL-10867,PC-678870,Personal Auto,2024-11-27,2025-11-27,1165.52,1036.25,Bound
POL-10868,PC-112964,General Liability,2024-12-26,2025-12-26,4397.82,3869.74,Bound
POL-10869,PC-694116,Homeowners,2024-10-04,2025-10-04,1272.58,1002.04,Bound
POL-10870,PC-205896,Personal Auto,2025-02-21,2026-02-21,4684.7,4172.53,Bound
POL-10871,PC-530849,General Liability,2025-03-06,2026-03-06,4443.4,4310.25,Bound
POL-10872,PC-738543,General Liability,2025-05-28,2026-05-28,2408.78,2099.0,Bound
POL-10873,PC-250840,Homeowners,2024-10-13,2025-10-13,957.36,783.94,Bound
POL-10874,PC-447596,Homeowners,2024-09-09,2025-09-09,962.89,936.31,Bound
POL-10875,PC-381631,Commercial Property,2025-06-25,2026-06-25,1007.02,874.9,Bound
POL-10876,PC-417776,General Liability,2025-03-26,2026-03-26,884.98,844.58,Bound
POL-10877,PC-830000,General Liability,2024-11-07,2025-11-07,1977.46,1726.13,Bound
POL-10878,PC-415076,Personal Auto,2025-07-11,2026-07-11,4884.49,3941.73,Bound
POL-10879,PC-864201,Homeowners,2024-10-03,2025-10-03,4050.93,3363.15,Bound
POL-10880,PC-563173,Homeowners,2025-01-27,2026-01-27,3340.91,2580.26,Bound
POL-10881,PC-607993,Commercial Property,2024-11-12,2025-11-12,4636.42,3949.27,Bound
POL-10882,PC-266694,General Liability,2024-11-13,2025-11-13,4248.27,3733.45,Bound
POL-10883,PC-242239,Personal Auto,2024-08-15,2025-08-15,2106.72,1846.96,Bound
POL-10884,PC-310477,Personal Auto,2025-06-01,2026-06-01,1529.7,1481.97,Bound
POL-10885,PC-477880,Personal Auto,2025-07-06,2026-07-06,1847.86,1596.76,Bound
POL-10886,PC-629663,Commercial Property,2025-04-16,2026-04-16,1950.71,1864.64,Bound
POL-10887,PC-132047,Homeowners,2024-10-08,2025-10-08,3468.72,2708.96,Bound
POL-10888,PC-286209,Commercial Property,2025-01-20,2026-01-20,2364.36,2124.4,Bound
POL-10889,PC-271456,Homeowners,2024-12-16,2025-12-16,3264.9,2734.16,Bound
POL-10890,PC-398916,General Liability,2025-03-14,2026-03-14,3945.64,3638.72,Bound
POL-10891,PC-700056,Personal Auto,2025-04-02,2026-04-02,2423.58,1916.39,Bound
POL-10892,PC-810614,Commercial Property,2025-01-13,2026-01-13,4399.87,4012.0,Bound
POL-10893,PC-121026,Commercial Property,2024-11-11,2025-11-11,1930.15,1645.22,Bound
POL-10894,PC-281614,Personal Auto,2025-06-16,2026-06-16,2791.21,2185.74,Bound
POL-10895,PC-420297,Personal Auto,2024-10-23,2025-10-23,1739.83,1569.48,Bound
POL-10896,PC-465648,General Liability,2024-12-30,2025-12-30,2579.99,2177.82,Bound
POL-10897,PC-810091,Homeowners,2025-02-04,2026-02-04,1858.39,1610.62,Bound
POL-10898,PC-794530,Homeowners,2024-11-06,2025-11-06,3254.85,2447.12,Bound
POL-10899,PC-396408,General Liability,2025-03-08,2026-03-08,3158.12,2837.39,Bound
POL-10900,PC-452618,General Liability,2025-03-09,2026-03-09,3674.54,3198.45,Bound
POL-10901,PC-373832,General Liability,2025-08-09,2026-08-09,3490.5,3369.63,Bound
POL-10902,PC-351974,General Liability,2024-11-27,2025-11-27,1591.11,1399.1,Bound
POL-10903,PC-729180,Personal Auto,2025-08-03,2026-08-03,4182.81,3976.14,Bound
POL-10904,PC-856320,Homeowners,2025-04-09,2026-04-09,3574.23,3288.97,Bound
POL-10905,PC-372028,Personal Auto,2024-11-20,2025-11-20,3552.68,3550.43,Bound
POL-10906,PC-711344,Homeowners,2025-03-06,2026-03-06,2499.32,2334.82,Bound
POL-10907,PC-819656,Commercial Property,2025-04-19,2026-04-19,2241.3,2080.69,Bound
POL-10908,PC-631958,Homeowners,2025-05-10,2026-05-10,4607.41,4229.45,Bound
POL-10909,PC-685365,General Liability,2024-08-29,2025-08-29,4350.76,4177.42,Bound
POL-10910,PC-876909,Commercial Property,2025-03-21,2026-03-21,2033.89,1764.8,Bound
POL-10911,PC-291961,General Liability,2025-02-09,2026-02-09,3845.78,3421.81,Bound
POL-10912,PC-334176,General Liability,2025-07-08,2026-07-08,3548.63,2858.65,Bound
POL-10913,PC-489737,General Liability,2024-11-24,2025-11-24,2565.98,2493.39,Bound
POL-10914,PC-223502,General Liability,2025-05-30,2026-05-30,3259.4,2822.45,Bound
POL-10915,PC-708502,Homeowners,2025-03-21,2026-03-21,1025.44,931.71,Bound
POL-10916,PC-225636,Personal Auto,2024-12-18,2025-12-18,2783.32,2222.86,Bound
POL-10917,PC-995735,Homeowners,2025-04-01,2026-04-01,3025.32,2581.44,Bound
POL-10918,PC-529068,Commercial Property,2025-03-26,2026-03-26,1376.93,1101.65,Bound
POL-10919,PC-289117,Homeowners,2025-04-16,2026-04-16,1401.54,1353.32,Bound
POL-10920,PC-285413,Personal Auto,2025-05-02,2026-05-02,2847.84,2585.15,Bound
POL-10921,PC-386814,General Liability,2025-04-09,2026-04-09,3464.9,2602.76,Bound
POL-10922,PC-901619,Commercial Property,2025-06-13,2026-06-13,3997.01,3166.24,Bound
POL-10923,PC-192318,Commercial Property,2025-03-29,2026-03-29,2856.22,2687.4,Bound
POL-10924,PC-522988,Commercial Property,2025-07-07,2026-07-07,3380.81,3071.03,Bound
POL-10925,PC-139557,Homeowners,2025-04-04,2026-04-04,4854.38,4105.98,Bound
POL-10926,PC-437864,Commercial Property,2024-12-02,2025-12-02,3868.77,3820.48,Bound
POL-10927,PC-869238,Commercial Property,2025-01-19,2026-01-19,875.25,657.34,Bound
POL-10928,PC-427252,Commercial Property,2025-03-11,2026-03-11,1750.32,1696.49,Bound
POL-10929,PC-420984,Commercial Property,2025-05-06,2026-05-06,1231.37,1078.48,Bound
POL-10930,PC-404955,Commercial Property,2024-09-13,2025-09-13,1074.21,817.94,Bound
POL-10931,PC-454245,Homeowners,2024-11-27,2025-11-27,3856.89,3467.7,Bound
POL-10932,PC-459381,Homeowners,2025-05-11,2026-05-11,4529.49,4524.36,Bound
POL-10933,PC-951452,Homeowners,2024-10-15,2025-10-15,2308.85,1840.4,Bound
POL-10934,PC-237579,Homeowners,2024-09-29,2025-09-29,880.32,709.61,Bound
POL-10935,PC-277193,Commercial Property,2025-02-24,2026-02-24,3883.12,3484.8,Bound
POL-10936,PC-139178,Personal Auto,2025-08-01,2026-08-01,2339.68,2135.27,Bound
POL-10937,PC-660708,Homeowners,2025-02-21,2026-02-21,4481.49,3647.7,Bound
POL-10938,PC-213365,Personal Auto,2025-07-11,2026-07-11,3294.48,2510.36,Bound
POL-10939,PC-565897,Personal Auto,2025-06-11,2026-06-11,1002.59,780.96,Bound
POL-10940,PC-835962,Homeowners,2024-11-13,2025-11-13,1319.1,1072.67,Bound
POL-10941,PC-109756,Commercial Property,2025-06-09,2026-06-09,1663.08,1532.42,Bound
POL-10942,PC-645583,General Liability,2025-02-03,2026-02-03,2567.66,1990.57,Bound
POL-10943,PC-539170,General Liability,2025-06-02,2026-06-02,3415.75,3160.19,Bound
POL-10944,PC-396439,Personal Auto,2025-05-11,2026-05-11,2948.66,2666.84,Bound
POL-10945,PC-738584,Personal Auto,2024-12-13,2025-12-13,4095.99,3581.68,Bound
POL-10946,PC-311469,Commercial Property,2024-09-23,2025-09-23,4067.43,3896.09,Bound
POL-10947,PC-141319,General Liability,2025-07-29,2026-07-29,3754.43,3093.04,Bound
POL-10948,PC-604012,Homeowners,2024-10-02,2025-10-02,4623.5,4263.1,Bound
POL-10949,PC-193326,General Liability,2025-07-30,2026-07-30,1784.92,1344.38,Bound
POL-10950,PC-256389,Personal Auto,2025-06-21,2026-06-21,4307.98,3951.52,Bound
POL-10951,PC-858724,Personal Auto,2025-05-03,2026-05-03,4074.01,3131.94,Bound
POL-10952,PC-578938,Personal Auto,2025-08-04,2026-08-04,4600.07,4191.05,Bound
POL-10953,PC-952679,General Liability,2025-07-31,2026-07-31,1909.33,1455.9,Bound
POL-10954,PC-477712,Commercial Property,2025-06-01,2026-06-01,4471.39,4306.23,Bound
POL-10955,PC-992596,General Liability,2024-12-23,2025-12-23,2589.18,2016.91,Bound
POL-10956,PC-778636,Personal Auto,2025-05-27,2026-05-27,840.62,659.55,Bound
POL-10957,PC-752011,Commercial Property,2024-08-17,2025-08-17,2180.38,2122.89,Bound
POL-10958,PC-954551,General Liability,2025-02-23,2026-02-23,4489.6,3471.53,Bound
POL-10959,PC-578715,General Liability,2025-01-24,2026-01-24,1568.05,1333.15,Bound
POL-10960,PC-601476,General Liability,2025-04-14,2026-04-14,4309.98,3975.85,Bound
POL-10961,PC-218548,Homeowners,2025-04-14,2026-04-14,3525.16,3346.18,Bound
POL-10962,PC-985364,Commercial Property,2025-03-13,2026-03-13,3723.91,2847.53,Bound
POL-10963,PC-606121,Commercial Property,2025-06-08,2026-06-08,1235.6,1208.18,Bound
POL-10964,PC-476018,Homeowners,2025-07-21,2026-07-21,1561.29,1319.19,Bound
POL-10965,PC-862606,Personal Auto,2024-09-20,2025-09-20,4422.82,4290.08,Bound
POL-10966,PC-531262,Commercial Property,2024-11-05,2025-11-05,2828.93,2466.91,Bound
POL-10967,PC-429502,Homeowners,2024-08-21,2025-08-21,993.08,809.76,Bound
POL-10968,PC-904812,Personal Auto,2025-06-30,2026-06-30,3759.19,3456.51,Bound
POL-10969,PC-454733,Commercial Property,2025-03-04,2026-03-04,4907.16,4502.13,Bound
POL-10970,PC-605339,Personal Auto,2025-07-12,2026-07-12,2617.96,2439.06,Bound
POL-10971,PC-255875,General Liability,2024-10-31,2025-10-31,3587.58,3265.96,Bound
POL-10972,PC-630126,Personal Auto,2024-09-04,2025-09-04,848.91,834.98,Bound
POL-10973,PC-178501,Homeowners,2025-06-08,2026-06-08,4377.86,4234.94,Bound
POL-10974,PC-391668,Homeowners,2025-07-09,2026-07-09,2146.66,1787.57,Bound
POL-10975,PC-497030,Personal Auto,2024-11-30,2025-11-30,2929.1,2599.94,Bound
POL-10976,PC-565765,Homeowners,2025-01-08,2026-01-08,4231.83,3257.27,Bound
POL-10977,PC-431414,Homeowners,2024-10-02,2025-10-02,1169.68,1023.02,Bound
POL-10978,PC-118632,Personal Auto,2025-07-23,2026-07-23,4918.82,4605.54,Bound
POL-10979,PC-675771,Personal Auto,2024-12-01,2025-12-01,2494.45,1893.18,Bound
POL-10980,PC-749137,Personal Auto,2025-02-07,2026-02-07,4268.82,4046.61,Bound
POL-10981,PC-786393,General Liability,2024-09-16,2025-09-16,4538.47,4041.88,Bound
POL-10982,PC-156911,Homeowners,2025-07-01,2026-07-01,4791.49,4028.86,Bound
POL-10983,PC-904694,Commercial Property,2024-09-30,2025-09-30,4346.13,3620.3,Bound
POL-10984,PC-574514,Homeowners,2025-01-24,2026-01-24,3809.96,3203.5,Bound
POL-10985,PC-102303,Personal Auto,2025-04-13,2026-04-13,1209.24,1106.13,Bound
POL-10986,PC-938769,General Liability,2025-05-10,2026-05-10,2291.58,2081.71,Bound
POL-10987,PC-211486,General Liability,2025-07-23,2026-07-23,3100.3,2615.02,Bound
POL-10988,PC-961760,Personal Auto,2025-01-11,2026-01-11,4566.88,3987.37,Bound
POL-10989,PC-296653,Homeowners,2025-05-09,2026-05-09,1249.24,1127.71,Bound
POL-10990,PC-579247,Personal Auto,2024-10-07,2025-10-07,4706.91,3992.51,Bound
POL-10991,PC-534603,Commercial Property,2025-01-10,2026-01-10,3810.51,2960.54,Bound
POL-10992,PC-717413,Personal Auto,2024-09-17,2025-09-17,4691.83,4501.18,Bound
POL-10993,PC-790441,Personal Auto,2025-02-06,2026-02-06,4043.01,3487.61,Bound
POL-10994,PC-871976,Commercial Property,2025-01-07,2026-01-07,4848.19,3641.4,Bound
POL-10995,PC-713543,Personal Auto,2025-07-25,2026-07-25,3123.55,2680.64,Bound
POL-10996,PC-285810,Homeowners,2024-08-23,2025-08-23,4682.36,4426.1,Bound
POL-10997,PC-506224,Commercial Property,2024-12-25,2025-12-25,3868.08,3025.21,Bound
POL-10998,PC-738576,General Liability,2025-01-20,2026-01-20,2917.26,2468.49,Bound
POL-10999,PC-408463,Commercial Property,2025-07-24,2026-07-24,1949.1,1931.36,Bound
POL-11000,PC-731792,Homeowners,2025-06-20,2026-06-20,4180.15,3279.52,Bound
